GT1	<a href="http://www.cazy.org/GlycosylTransferases.html" target="_cazy_cat_link">GlycosylTransferases</a> - <a href="http://www.cazy.org/GT1.html" target="_cazy_fam_link">GT1</a> - UDP-glucuronosyltransferase (EC <a href='http://www.enzyme-database.org/query.php?ec=2.4.1.17' target='_link' class='nav5'>2.4.1.17</a>); zeatin O-&beta;-xylosyltransferase (EC <a href='http://www.enzyme-database.org/query.php?ec=2.4.2.40' target='_link' class='nav5'>2.4.2.40</a>); 2-hydroxyacylsphingosine 1-&beta;-galactosyltransferase (EC <a href='http://www.enzyme-database.org/query.php?ec=2.4.1.45' target='_link' class='nav5'>2.4.1.45</a>); N-acylsphingosine galactosyltransferase (EC <a href='http://www.enzyme-database.org/query.php?ec=2.4.1.47' target='_link' class='nav5'>2.4.1.47</a>); flavonol 3-O-glucosyltransferase (EC <a href='http://www.enzyme-database.org/query.php?ec=2.4.1.91' target='_link' class='nav5'>2.4.1.91</a>); anthocyanidin 3-O-glucosyltransferase (EC <a href='http://www.enzyme-database.org/query.php?ec=2.4.1.115' target='_link' class='nav5'>2.4.1.115</a>); sinapate 1-glucosyltransferase (EC <a href='http://www.enzyme-database.org/query.php?ec=2.4.1.120' target='_link' class='nav5'>2.4.1.120</a>); indole-3-acetate &beta;-glucosyltransferase (EC <a href='http://www.enzyme-database.org/query.php?ec=2.4.1.121' target='_link' class='nav5'>2.4.1.121</a>); flavonol L-rhamnosyltransferase (EC <a href='http://www.enzyme-database.org/query.php?ec=2.4.1.159' target='_link' class='nav5'>2.4.1.159</a>); sterol glucosyltransferase (EC <a href='http://www.enzyme-database.org/query.php?ec=2.4.1.173' target='_link' class='nav5'>2.4.1.173</a>); UDP-Glc: 4-hydroxybenzoate 4-O-&beta;-glucosyltransferase (EC <a href='http://www.enzyme-database.org/query.php?ec=2.4.1.194' target='_link' class='nav5'>2.4.1.194</a>); zeatin O-&beta;-glucosyltransferase (EC <a href='http://www.enzyme-database.org/query.php?ec=2.4.1.203' target='_link' class='nav5'>2.4.1.203</a>); limonoid glucosyltransferase (EC <a href='http://www.enzyme-database.org/query.php?ec=2.4.1.210' target='_link' class='nav5'>2.4.1.210</a>); UDP-GlcA: baicalein 7-O-&beta;-glucuronosyltransferase (EC <a href='http://www.enzyme-database.org/query.php?ec=2.4.1.253' target='_link' class='nav5'>2.4.1.253</a>); UDP-Glc: chalcone 4'-O-&beta;-glucosyltransferase (EC <a href='http://www.enzyme-database.org/query.php?ec=2.4.1.286' target='_link' class='nav5'>2.4.1.286</a>); ecdysteroid UDP-glucosyltransferase (EC <a href='http://www.enzyme-database.org/query.php?ec=2.4.1.*' target='_link' class='nav5'>2.4.1.-</a>); salicylic acid &beta;-glucosyltransferase (EC <a href='http://www.enzyme-database.org/query.php?ec=2.4.1.*' target='_link' class='nav5'>2.4.1.-</a>); anthocyanin 3-O-galactosyltransferase (EC <a href='http://www.enzyme-database.org/query.php?ec=2.4.1.*' target='_link' class='nav5'>2.4.1.-</a>); anthocyanin 5-O-glucosyltransferase (EC <a href='http://www.enzyme-database.org/query.php?ec=2.4.1.*' target='_link' class='nav5'>2.4.1.-</a>); dTDP-&beta;-2-deoxy-L-fucose: &alpha;-L-2-deoxyfucosyltransferase (EC <a href='http://www.enzyme-database.org/query.php?ec=2.4.1.*' target='_link' class='nav5'>2.4.1.-</a>); UDP-&beta;-L-rhamnose: &alpha;-L-rhamnosyltransferase (EC <a href='http://www.enzyme-database.org/query.php?ec=2.4.1.*' target='_link' class='nav5'>2.4.1.-</a>); zeaxanthin glucosyltransferase (EC <a href='http://www.enzyme-database.org/query.php?ec=2.4.1.*' target='_link' class='nav5'>2.4.1.-</a>); UDP-Glc: flavone-6-C-glucosytransferase (EC <a href='http://www.enzyme-database.org/query.php?ec=2.4.1.*' target='_link' class='nav5'>2.4.1.-</a>); UDP-Glc: cinnamate &beta;-glucosyltransferase (EC <a href='http://www.enzyme-database.org/query.php?ec=2.4.1.177' target='_link' class='nav5'>2.4.1.177</a>); UDP-Glc: hydroxycinnamic acid O-&beta;-glucosyltransferase (EC <a href='http://www.enzyme-database.org/query.php?ec=2.4.1.*' target='_link' class='nav5'>2.4.1.-</a>); UDP-Glc: cinnamoyl O-&beta;-glucosyltransferase (EC <a href='http://www.enzyme-database.org/query.php?ec=2.4.1.*' target='_link' class='nav5'>2.4.1.-</a>); UDP-Arap: flavone-C-arabinosytransferase (EC <a href='http://www.enzyme-database.org/query.php?ec=2.4.1.*' target='_link' class='nav5'>2.4.1.-</a>)
GT2_Cellulose_synt	<a href="http://www.cazy.org/GlycosylTransferases.html" target="_cazy_cat_link">GlycosylTransferases</a> - <a href="http://www.cazy.org/GT2.html" target="_cazy_fam_link">GT2_Cellulose_synt</a> - cellulose synthase (EC <a href='http://www.enzyme-database.org/query.php?ec=2.4.1.12' target='_link' class='nav5'>2.4.1.12</a>); chitin synthase (EC <a href='http://www.enzyme-database.org/query.php?ec=2.4.1.16' target='_link' class='nav5'>2.4.1.16</a>); dolichyl-phosphate &beta;-D-mannosyltransferase (EC <a href='http://www.enzyme-database.org/query.php?ec=2.4.1.83' target='_link' class='nav5'>2.4.1.83</a>); dolichyl-phosphate &beta;-glucosyltransferase (EC <a href='http://www.enzyme-database.org/query.php?ec=2.4.1.117' target='_link' class='nav5'>2.4.1.117</a>); N-acetylglucosaminyltransferase (EC <a href='http://www.enzyme-database.org/query.php?ec=2.4.1.*' target='_link' class='nav5'>2.4.1.-</a>); N-acetylgalactosaminyltransferase (EC <a href='http://www.enzyme-database.org/query.php?ec=2.4.1.*' target='_link' class='nav5'>2.4.1.-</a>); hyaluronan synthase (EC <a href='http://www.enzyme-database.org/query.php?ec=2.4.1.212' target='_link' class='nav5'>2.4.1.212</a>); chitin oligosaccharide synthase (EC <a href='http://www.enzyme-database.org/query.php?ec=2.4.1.*' target='_link' class='nav5'>2.4.1.-</a>); &beta;-1,3-glucan synthase (EC <a href='http://www.enzyme-database.org/query.php?ec=2.4.1.34' target='_link' class='nav5'>2.4.1.34</a>); &beta;-1,4-mannan synthase (EC <a href='http://www.enzyme-database.org/query.php?ec=2.4.1.*' target='_link' class='nav5'>2.4.1.-</a>); &beta;-mannosylphosphodecaprenol-mannooligosaccharide &alpha;-1,6-mannosyltransferase (EC <a href='http://www.enzyme-database.org/query.php?ec=2.4.1.199' target='_link' class='nav5'>2.4.1.199</a>); UDP-Galf: rhamnopyranosyl-N-acetylglucosaminyl-PP-decaprenol &beta;-1,4/1,5-galactofuranosyltransferase (EC <a href='http://www.enzyme-database.org/query.php?ec=2.4.1.287' target='_link' class='nav5'>2.4.1.287</a>); UDP-Galf: galactofuranosyl-galactofuranosyl-rhamnosyl-N-acetylglucosaminyl-PP-decaprenol &beta;-1,5/1,6-galactofuranosyltransferase (EC <a href='http://www.enzyme-database.org/query.php?ec=2.4.1.288' target='_link' class='nav5'>2.4.1.288</a>); dTDP-L-Rha: N-acetylglucosaminyl-PP-decaprenol &alpha;-1,3-L-rhamnosyltransferase (EC <a href='http://www.enzyme-database.org/query.php?ec=2.4.1.289' target='_link' class='nav5'>2.4.1.289</a>); alternating &beta;-1,3/4-N-acetylmannan synthase (<a href='http://www.enzyme-database.org/query.php?ec=2.4.1.*' target='_link' class='nav5'>2.4.1.-</a>)
GT2_Chitin_synth_1	<a href="http://www.cazy.org/GlycosylTransferases.html" target="_cazy_cat_link">GlycosylTransferases</a> - <a href="http://www.cazy.org/GT2.html" target="_cazy_fam_link">GT2_Chitin_synth_1</a> - cellulose synthase (EC <a href='http://www.enzyme-database.org/query.php?ec=2.4.1.12' target='_link' class='nav5'>2.4.1.12</a>); chitin synthase (EC <a href='http://www.enzyme-database.org/query.php?ec=2.4.1.16' target='_link' class='nav5'>2.4.1.16</a>); dolichyl-phosphate &beta;-D-mannosyltransferase (EC <a href='http://www.enzyme-database.org/query.php?ec=2.4.1.83' target='_link' class='nav5'>2.4.1.83</a>); dolichyl-phosphate &beta;-glucosyltransferase (EC <a href='http://www.enzyme-database.org/query.php?ec=2.4.1.117' target='_link' class='nav5'>2.4.1.117</a>); N-acetylglucosaminyltransferase (EC <a href='http://www.enzyme-database.org/query.php?ec=2.4.1.*' target='_link' class='nav5'>2.4.1.-</a>); N-acetylgalactosaminyltransferase (EC <a href='http://www.enzyme-database.org/query.php?ec=2.4.1.*' target='_link' class='nav5'>2.4.1.-</a>); hyaluronan synthase (EC <a href='http://www.enzyme-database.org/query.php?ec=2.4.1.212' target='_link' class='nav5'>2.4.1.212</a>); chitin oligosaccharide synthase (EC <a href='http://www.enzyme-database.org/query.php?ec=2.4.1.*' target='_link' class='nav5'>2.4.1.-</a>); &beta;-1,3-glucan synthase (EC <a href='http://www.enzyme-database.org/query.php?ec=2.4.1.34' target='_link' class='nav5'>2.4.1.34</a>); &beta;-1,4-mannan synthase (EC <a href='http://www.enzyme-database.org/query.php?ec=2.4.1.*' target='_link' class='nav5'>2.4.1.-</a>); &beta;-mannosylphosphodecaprenol-mannooligosaccharide &alpha;-1,6-mannosyltransferase (EC <a href='http://www.enzyme-database.org/query.php?ec=2.4.1.199' target='_link' class='nav5'>2.4.1.199</a>); UDP-Galf: rhamnopyranosyl-N-acetylglucosaminyl-PP-decaprenol &beta;-1,4/1,5-galactofuranosyltransferase (EC <a href='http://www.enzyme-database.org/query.php?ec=2.4.1.287' target='_link' class='nav5'>2.4.1.287</a>); UDP-Galf: galactofuranosyl-galactofuranosyl-rhamnosyl-N-acetylglucosaminyl-PP-decaprenol &beta;-1,5/1,6-galactofuranosyltransferase (EC <a href='http://www.enzyme-database.org/query.php?ec=2.4.1.288' target='_link' class='nav5'>2.4.1.288</a>); dTDP-L-Rha: N-acetylglucosaminyl-PP-decaprenol &alpha;-1,3-L-rhamnosyltransferase (EC <a href='http://www.enzyme-database.org/query.php?ec=2.4.1.289' target='_link' class='nav5'>2.4.1.289</a>); alternating &beta;-1,3/4-N-acetylmannan synthase (<a href='http://www.enzyme-database.org/query.php?ec=2.4.1.*' target='_link' class='nav5'>2.4.1.-</a>)
GT2_Chitin_synth_2	<a href="http://www.cazy.org/GlycosylTransferases.html" target="_cazy_cat_link">GlycosylTransferases</a> - <a href="http://www.cazy.org/GT2.html" target="_cazy_fam_link">GT2_Chitin_synth_2</a> - cellulose synthase (EC <a href='http://www.enzyme-database.org/query.php?ec=2.4.1.12' target='_link' class='nav5'>2.4.1.12</a>); chitin synthase (EC <a href='http://www.enzyme-database.org/query.php?ec=2.4.1.16' target='_link' class='nav5'>2.4.1.16</a>); dolichyl-phosphate &beta;-D-mannosyltransferase (EC <a href='http://www.enzyme-database.org/query.php?ec=2.4.1.83' target='_link' class='nav5'>2.4.1.83</a>); dolichyl-phosphate &beta;-glucosyltransferase (EC <a href='http://www.enzyme-database.org/query.php?ec=2.4.1.117' target='_link' class='nav5'>2.4.1.117</a>); N-acetylglucosaminyltransferase (EC <a href='http://www.enzyme-database.org/query.php?ec=2.4.1.*' target='_link' class='nav5'>2.4.1.-</a>); N-acetylgalactosaminyltransferase (EC <a href='http://www.enzyme-database.org/query.php?ec=2.4.1.*' target='_link' class='nav5'>2.4.1.-</a>); hyaluronan synthase (EC <a href='http://www.enzyme-database.org/query.php?ec=2.4.1.212' target='_link' class='nav5'>2.4.1.212</a>); chitin oligosaccharide synthase (EC <a href='http://www.enzyme-database.org/query.php?ec=2.4.1.*' target='_link' class='nav5'>2.4.1.-</a>); &beta;-1,3-glucan synthase (EC <a href='http://www.enzyme-database.org/query.php?ec=2.4.1.34' target='_link' class='nav5'>2.4.1.34</a>); &beta;-1,4-mannan synthase (EC <a href='http://www.enzyme-database.org/query.php?ec=2.4.1.*' target='_link' class='nav5'>2.4.1.-</a>); &beta;-mannosylphosphodecaprenol-mannooligosaccharide &alpha;-1,6-mannosyltransferase (EC <a href='http://www.enzyme-database.org/query.php?ec=2.4.1.199' target='_link' class='nav5'>2.4.1.199</a>); UDP-Galf: rhamnopyranosyl-N-acetylglucosaminyl-PP-decaprenol &beta;-1,4/1,5-galactofuranosyltransferase (EC <a href='http://www.enzyme-database.org/query.php?ec=2.4.1.287' target='_link' class='nav5'>2.4.1.287</a>); UDP-Galf: galactofuranosyl-galactofuranosyl-rhamnosyl-N-acetylglucosaminyl-PP-decaprenol &beta;-1,5/1,6-galactofuranosyltransferase (EC <a href='http://www.enzyme-database.org/query.php?ec=2.4.1.288' target='_link' class='nav5'>2.4.1.288</a>); dTDP-L-Rha: N-acetylglucosaminyl-PP-decaprenol &alpha;-1,3-L-rhamnosyltransferase (EC <a href='http://www.enzyme-database.org/query.php?ec=2.4.1.289' target='_link' class='nav5'>2.4.1.289</a>); alternating &beta;-1,3/4-N-acetylmannan synthase (<a href='http://www.enzyme-database.org/query.php?ec=2.4.1.*' target='_link' class='nav5'>2.4.1.-</a>)
GT2_Glycos_transf_2	<a href="http://www.cazy.org/GlycosylTransferases.html" target="_cazy_cat_link">GlycosylTransferases</a> - <a href="http://www.cazy.org/GT2.html" target="_cazy_fam_link">GT2_Glycos_transf_2</a> - cellulose synthase (EC <a href='http://www.enzyme-database.org/query.php?ec=2.4.1.12' target='_link' class='nav5'>2.4.1.12</a>); chitin synthase (EC <a href='http://www.enzyme-database.org/query.php?ec=2.4.1.16' target='_link' class='nav5'>2.4.1.16</a>); dolichyl-phosphate &beta;-D-mannosyltransferase (EC <a href='http://www.enzyme-database.org/query.php?ec=2.4.1.83' target='_link' class='nav5'>2.4.1.83</a>); dolichyl-phosphate &beta;-glucosyltransferase (EC <a href='http://www.enzyme-database.org/query.php?ec=2.4.1.117' target='_link' class='nav5'>2.4.1.117</a>); N-acetylglucosaminyltransferase (EC <a href='http://www.enzyme-database.org/query.php?ec=2.4.1.*' target='_link' class='nav5'>2.4.1.-</a>); N-acetylgalactosaminyltransferase (EC <a href='http://www.enzyme-database.org/query.php?ec=2.4.1.*' target='_link' class='nav5'>2.4.1.-</a>); hyaluronan synthase (EC <a href='http://www.enzyme-database.org/query.php?ec=2.4.1.212' target='_link' class='nav5'>2.4.1.212</a>); chitin oligosaccharide synthase (EC <a href='http://www.enzyme-database.org/query.php?ec=2.4.1.*' target='_link' class='nav5'>2.4.1.-</a>); &beta;-1,3-glucan synthase (EC <a href='http://www.enzyme-database.org/query.php?ec=2.4.1.34' target='_link' class='nav5'>2.4.1.34</a>); &beta;-1,4-mannan synthase (EC <a href='http://www.enzyme-database.org/query.php?ec=2.4.1.*' target='_link' class='nav5'>2.4.1.-</a>); &beta;-mannosylphosphodecaprenol-mannooligosaccharide &alpha;-1,6-mannosyltransferase (EC <a href='http://www.enzyme-database.org/query.php?ec=2.4.1.199' target='_link' class='nav5'>2.4.1.199</a>); UDP-Galf: rhamnopyranosyl-N-acetylglucosaminyl-PP-decaprenol &beta;-1,4/1,5-galactofuranosyltransferase (EC <a href='http://www.enzyme-database.org/query.php?ec=2.4.1.287' target='_link' class='nav5'>2.4.1.287</a>); UDP-Galf: galactofuranosyl-galactofuranosyl-rhamnosyl-N-acetylglucosaminyl-PP-decaprenol &beta;-1,5/1,6-galactofuranosyltransferase (EC <a href='http://www.enzyme-database.org/query.php?ec=2.4.1.288' target='_link' class='nav5'>2.4.1.288</a>); dTDP-L-Rha: N-acetylglucosaminyl-PP-decaprenol &alpha;-1,3-L-rhamnosyltransferase (EC <a href='http://www.enzyme-database.org/query.php?ec=2.4.1.289' target='_link' class='nav5'>2.4.1.289</a>); alternating &beta;-1,3/4-N-acetylmannan synthase (<a href='http://www.enzyme-database.org/query.php?ec=2.4.1.*' target='_link' class='nav5'>2.4.1.-</a>)
GT2_Glyco_tranf_2_2	<a href="http://www.cazy.org/GlycosylTransferases.html" target="_cazy_cat_link">GlycosylTransferases</a> - <a href="http://www.cazy.org/GT2.html" target="_cazy_fam_link">GT2_Glyco_tranf_2_2</a> - cellulose synthase (EC <a href='http://www.enzyme-database.org/query.php?ec=2.4.1.12' target='_link' class='nav5'>2.4.1.12</a>); chitin synthase (EC <a href='http://www.enzyme-database.org/query.php?ec=2.4.1.16' target='_link' class='nav5'>2.4.1.16</a>); dolichyl-phosphate &beta;-D-mannosyltransferase (EC <a href='http://www.enzyme-database.org/query.php?ec=2.4.1.83' target='_link' class='nav5'>2.4.1.83</a>); dolichyl-phosphate &beta;-glucosyltransferase (EC <a href='http://www.enzyme-database.org/query.php?ec=2.4.1.117' target='_link' class='nav5'>2.4.1.117</a>); N-acetylglucosaminyltransferase (EC <a href='http://www.enzyme-database.org/query.php?ec=2.4.1.*' target='_link' class='nav5'>2.4.1.-</a>); N-acetylgalactosaminyltransferase (EC <a href='http://www.enzyme-database.org/query.php?ec=2.4.1.*' target='_link' class='nav5'>2.4.1.-</a>); hyaluronan synthase (EC <a href='http://www.enzyme-database.org/query.php?ec=2.4.1.212' target='_link' class='nav5'>2.4.1.212</a>); chitin oligosaccharide synthase (EC <a href='http://www.enzyme-database.org/query.php?ec=2.4.1.*' target='_link' class='nav5'>2.4.1.-</a>); &beta;-1,3-glucan synthase (EC <a href='http://www.enzyme-database.org/query.php?ec=2.4.1.34' target='_link' class='nav5'>2.4.1.34</a>); &beta;-1,4-mannan synthase (EC <a href='http://www.enzyme-database.org/query.php?ec=2.4.1.*' target='_link' class='nav5'>2.4.1.-</a>); &beta;-mannosylphosphodecaprenol-mannooligosaccharide &alpha;-1,6-mannosyltransferase (EC <a href='http://www.enzyme-database.org/query.php?ec=2.4.1.199' target='_link' class='nav5'>2.4.1.199</a>); UDP-Galf: rhamnopyranosyl-N-acetylglucosaminyl-PP-decaprenol &beta;-1,4/1,5-galactofuranosyltransferase (EC <a href='http://www.enzyme-database.org/query.php?ec=2.4.1.287' target='_link' class='nav5'>2.4.1.287</a>); UDP-Galf: galactofuranosyl-galactofuranosyl-rhamnosyl-N-acetylglucosaminyl-PP-decaprenol &beta;-1,5/1,6-galactofuranosyltransferase (EC <a href='http://www.enzyme-database.org/query.php?ec=2.4.1.288' target='_link' class='nav5'>2.4.1.288</a>); dTDP-L-Rha: N-acetylglucosaminyl-PP-decaprenol &alpha;-1,3-L-rhamnosyltransferase (EC <a href='http://www.enzyme-database.org/query.php?ec=2.4.1.289' target='_link' class='nav5'>2.4.1.289</a>); alternating &beta;-1,3/4-N-acetylmannan synthase (<a href='http://www.enzyme-database.org/query.php?ec=2.4.1.*' target='_link' class='nav5'>2.4.1.-</a>)
GT2_Glyco_tranf_2_3	<a href="http://www.cazy.org/GlycosylTransferases.html" target="_cazy_cat_link">GlycosylTransferases</a> - <a href="http://www.cazy.org/GT2.html" target="_cazy_fam_link">GT2_Glyco_tranf_2_3</a> - cellulose synthase (EC <a href='http://www.enzyme-database.org/query.php?ec=2.4.1.12' target='_link' class='nav5'>2.4.1.12</a>); chitin synthase (EC <a href='http://www.enzyme-database.org/query.php?ec=2.4.1.16' target='_link' class='nav5'>2.4.1.16</a>); dolichyl-phosphate &beta;-D-mannosyltransferase (EC <a href='http://www.enzyme-database.org/query.php?ec=2.4.1.83' target='_link' class='nav5'>2.4.1.83</a>); dolichyl-phosphate &beta;-glucosyltransferase (EC <a href='http://www.enzyme-database.org/query.php?ec=2.4.1.117' target='_link' class='nav5'>2.4.1.117</a>); N-acetylglucosaminyltransferase (EC <a href='http://www.enzyme-database.org/query.php?ec=2.4.1.*' target='_link' class='nav5'>2.4.1.-</a>); N-acetylgalactosaminyltransferase (EC <a href='http://www.enzyme-database.org/query.php?ec=2.4.1.*' target='_link' class='nav5'>2.4.1.-</a>); hyaluronan synthase (EC <a href='http://www.enzyme-database.org/query.php?ec=2.4.1.212' target='_link' class='nav5'>2.4.1.212</a>); chitin oligosaccharide synthase (EC <a href='http://www.enzyme-database.org/query.php?ec=2.4.1.*' target='_link' class='nav5'>2.4.1.-</a>); &beta;-1,3-glucan synthase (EC <a href='http://www.enzyme-database.org/query.php?ec=2.4.1.34' target='_link' class='nav5'>2.4.1.34</a>); &beta;-1,4-mannan synthase (EC <a href='http://www.enzyme-database.org/query.php?ec=2.4.1.*' target='_link' class='nav5'>2.4.1.-</a>); &beta;-mannosylphosphodecaprenol-mannooligosaccharide &alpha;-1,6-mannosyltransferase (EC <a href='http://www.enzyme-database.org/query.php?ec=2.4.1.199' target='_link' class='nav5'>2.4.1.199</a>); UDP-Galf: rhamnopyranosyl-N-acetylglucosaminyl-PP-decaprenol &beta;-1,4/1,5-galactofuranosyltransferase (EC <a href='http://www.enzyme-database.org/query.php?ec=2.4.1.287' target='_link' class='nav5'>2.4.1.287</a>); UDP-Galf: galactofuranosyl-galactofuranosyl-rhamnosyl-N-acetylglucosaminyl-PP-decaprenol &beta;-1,5/1,6-galactofuranosyltransferase (EC <a href='http://www.enzyme-database.org/query.php?ec=2.4.1.288' target='_link' class='nav5'>2.4.1.288</a>); dTDP-L-Rha: N-acetylglucosaminyl-PP-decaprenol &alpha;-1,3-L-rhamnosyltransferase (EC <a href='http://www.enzyme-database.org/query.php?ec=2.4.1.289' target='_link' class='nav5'>2.4.1.289</a>); alternating &beta;-1,3/4-N-acetylmannan synthase (<a href='http://www.enzyme-database.org/query.php?ec=2.4.1.*' target='_link' class='nav5'>2.4.1.-</a>)
GT2_Glyco_tranf_2_4	<a href="http://www.cazy.org/GlycosylTransferases.html" target="_cazy_cat_link">GlycosylTransferases</a> - <a href="http://www.cazy.org/GT2.html" target="_cazy_fam_link">GT2_Glyco_tranf_2_4</a> - cellulose synthase (EC <a href='http://www.enzyme-database.org/query.php?ec=2.4.1.12' target='_link' class='nav5'>2.4.1.12</a>); chitin synthase (EC <a href='http://www.enzyme-database.org/query.php?ec=2.4.1.16' target='_link' class='nav5'>2.4.1.16</a>); dolichyl-phosphate &beta;-D-mannosyltransferase (EC <a href='http://www.enzyme-database.org/query.php?ec=2.4.1.83' target='_link' class='nav5'>2.4.1.83</a>); dolichyl-phosphate &beta;-glucosyltransferase (EC <a href='http://www.enzyme-database.org/query.php?ec=2.4.1.117' target='_link' class='nav5'>2.4.1.117</a>); N-acetylglucosaminyltransferase (EC <a href='http://www.enzyme-database.org/query.php?ec=2.4.1.*' target='_link' class='nav5'>2.4.1.-</a>); N-acetylgalactosaminyltransferase (EC <a href='http://www.enzyme-database.org/query.php?ec=2.4.1.*' target='_link' class='nav5'>2.4.1.-</a>); hyaluronan synthase (EC <a href='http://www.enzyme-database.org/query.php?ec=2.4.1.212' target='_link' class='nav5'>2.4.1.212</a>); chitin oligosaccharide synthase (EC <a href='http://www.enzyme-database.org/query.php?ec=2.4.1.*' target='_link' class='nav5'>2.4.1.-</a>); &beta;-1,3-glucan synthase (EC <a href='http://www.enzyme-database.org/query.php?ec=2.4.1.34' target='_link' class='nav5'>2.4.1.34</a>); &beta;-1,4-mannan synthase (EC <a href='http://www.enzyme-database.org/query.php?ec=2.4.1.*' target='_link' class='nav5'>2.4.1.-</a>); &beta;-mannosylphosphodecaprenol-mannooligosaccharide &alpha;-1,6-mannosyltransferase (EC <a href='http://www.enzyme-database.org/query.php?ec=2.4.1.199' target='_link' class='nav5'>2.4.1.199</a>); UDP-Galf: rhamnopyranosyl-N-acetylglucosaminyl-PP-decaprenol &beta;-1,4/1,5-galactofuranosyltransferase (EC <a href='http://www.enzyme-database.org/query.php?ec=2.4.1.287' target='_link' class='nav5'>2.4.1.287</a>); UDP-Galf: galactofuranosyl-galactofuranosyl-rhamnosyl-N-acetylglucosaminyl-PP-decaprenol &beta;-1,5/1,6-galactofuranosyltransferase (EC <a href='http://www.enzyme-database.org/query.php?ec=2.4.1.288' target='_link' class='nav5'>2.4.1.288</a>); dTDP-L-Rha: N-acetylglucosaminyl-PP-decaprenol &alpha;-1,3-L-rhamnosyltransferase (EC <a href='http://www.enzyme-database.org/query.php?ec=2.4.1.289' target='_link' class='nav5'>2.4.1.289</a>); alternating &beta;-1,3/4-N-acetylmannan synthase (<a href='http://www.enzyme-database.org/query.php?ec=2.4.1.*' target='_link' class='nav5'>2.4.1.-</a>)
GT2_Glyco_tranf_2_5	<a href="http://www.cazy.org/GlycosylTransferases.html" target="_cazy_cat_link">GlycosylTransferases</a> - <a href="http://www.cazy.org/GT2.html" target="_cazy_fam_link">GT2_Glyco_tranf_2_5</a> - cellulose synthase (EC <a href='http://www.enzyme-database.org/query.php?ec=2.4.1.12' target='_link' class='nav5'>2.4.1.12</a>); chitin synthase (EC <a href='http://www.enzyme-database.org/query.php?ec=2.4.1.16' target='_link' class='nav5'>2.4.1.16</a>); dolichyl-phosphate &beta;-D-mannosyltransferase (EC <a href='http://www.enzyme-database.org/query.php?ec=2.4.1.83' target='_link' class='nav5'>2.4.1.83</a>); dolichyl-phosphate &beta;-glucosyltransferase (EC <a href='http://www.enzyme-database.org/query.php?ec=2.4.1.117' target='_link' class='nav5'>2.4.1.117</a>); N-acetylglucosaminyltransferase (EC <a href='http://www.enzyme-database.org/query.php?ec=2.4.1.*' target='_link' class='nav5'>2.4.1.-</a>); N-acetylgalactosaminyltransferase (EC <a href='http://www.enzyme-database.org/query.php?ec=2.4.1.*' target='_link' class='nav5'>2.4.1.-</a>); hyaluronan synthase (EC <a href='http://www.enzyme-database.org/query.php?ec=2.4.1.212' target='_link' class='nav5'>2.4.1.212</a>); chitin oligosaccharide synthase (EC <a href='http://www.enzyme-database.org/query.php?ec=2.4.1.*' target='_link' class='nav5'>2.4.1.-</a>); &beta;-1,3-glucan synthase (EC <a href='http://www.enzyme-database.org/query.php?ec=2.4.1.34' target='_link' class='nav5'>2.4.1.34</a>); &beta;-1,4-mannan synthase (EC <a href='http://www.enzyme-database.org/query.php?ec=2.4.1.*' target='_link' class='nav5'>2.4.1.-</a>); &beta;-mannosylphosphodecaprenol-mannooligosaccharide &alpha;-1,6-mannosyltransferase (EC <a href='http://www.enzyme-database.org/query.php?ec=2.4.1.199' target='_link' class='nav5'>2.4.1.199</a>); UDP-Galf: rhamnopyranosyl-N-acetylglucosaminyl-PP-decaprenol &beta;-1,4/1,5-galactofuranosyltransferase (EC <a href='http://www.enzyme-database.org/query.php?ec=2.4.1.287' target='_link' class='nav5'>2.4.1.287</a>); UDP-Galf: galactofuranosyl-galactofuranosyl-rhamnosyl-N-acetylglucosaminyl-PP-decaprenol &beta;-1,5/1,6-galactofuranosyltransferase (EC <a href='http://www.enzyme-database.org/query.php?ec=2.4.1.288' target='_link' class='nav5'>2.4.1.288</a>); dTDP-L-Rha: N-acetylglucosaminyl-PP-decaprenol &alpha;-1,3-L-rhamnosyltransferase (EC <a href='http://www.enzyme-database.org/query.php?ec=2.4.1.289' target='_link' class='nav5'>2.4.1.289</a>); alternating &beta;-1,3/4-N-acetylmannan synthase (<a href='http://www.enzyme-database.org/query.php?ec=2.4.1.*' target='_link' class='nav5'>2.4.1.-</a>)
GT2_Glyco_trans_2_3	<a href="http://www.cazy.org/GlycosylTransferases.html" target="_cazy_cat_link">GlycosylTransferases</a> - <a href="http://www.cazy.org/GT2.html" target="_cazy_fam_link">GT2_Glyco_trans_2_3</a> - cellulose synthase (EC <a href='http://www.enzyme-database.org/query.php?ec=2.4.1.12' target='_link' class='nav5'>2.4.1.12</a>); chitin synthase (EC <a href='http://www.enzyme-database.org/query.php?ec=2.4.1.16' target='_link' class='nav5'>2.4.1.16</a>); dolichyl-phosphate &beta;-D-mannosyltransferase (EC <a href='http://www.enzyme-database.org/query.php?ec=2.4.1.83' target='_link' class='nav5'>2.4.1.83</a>); dolichyl-phosphate &beta;-glucosyltransferase (EC <a href='http://www.enzyme-database.org/query.php?ec=2.4.1.117' target='_link' class='nav5'>2.4.1.117</a>); N-acetylglucosaminyltransferase (EC <a href='http://www.enzyme-database.org/query.php?ec=2.4.1.*' target='_link' class='nav5'>2.4.1.-</a>); N-acetylgalactosaminyltransferase (EC <a href='http://www.enzyme-database.org/query.php?ec=2.4.1.*' target='_link' class='nav5'>2.4.1.-</a>); hyaluronan synthase (EC <a href='http://www.enzyme-database.org/query.php?ec=2.4.1.212' target='_link' class='nav5'>2.4.1.212</a>); chitin oligosaccharide synthase (EC <a href='http://www.enzyme-database.org/query.php?ec=2.4.1.*' target='_link' class='nav5'>2.4.1.-</a>); &beta;-1,3-glucan synthase (EC <a href='http://www.enzyme-database.org/query.php?ec=2.4.1.34' target='_link' class='nav5'>2.4.1.34</a>); &beta;-1,4-mannan synthase (EC <a href='http://www.enzyme-database.org/query.php?ec=2.4.1.*' target='_link' class='nav5'>2.4.1.-</a>); &beta;-mannosylphosphodecaprenol-mannooligosaccharide &alpha;-1,6-mannosyltransferase (EC <a href='http://www.enzyme-database.org/query.php?ec=2.4.1.199' target='_link' class='nav5'>2.4.1.199</a>); UDP-Galf: rhamnopyranosyl-N-acetylglucosaminyl-PP-decaprenol &beta;-1,4/1,5-galactofuranosyltransferase (EC <a href='http://www.enzyme-database.org/query.php?ec=2.4.1.287' target='_link' class='nav5'>2.4.1.287</a>); UDP-Galf: galactofuranosyl-galactofuranosyl-rhamnosyl-N-acetylglucosaminyl-PP-decaprenol &beta;-1,5/1,6-galactofuranosyltransferase (EC <a href='http://www.enzyme-database.org/query.php?ec=2.4.1.288' target='_link' class='nav5'>2.4.1.288</a>); dTDP-L-Rha: N-acetylglucosaminyl-PP-decaprenol &alpha;-1,3-L-rhamnosyltransferase (EC <a href='http://www.enzyme-database.org/query.php?ec=2.4.1.289' target='_link' class='nav5'>2.4.1.289</a>); alternating &beta;-1,3/4-N-acetylmannan synthase (<a href='http://www.enzyme-database.org/query.php?ec=2.4.1.*' target='_link' class='nav5'>2.4.1.-</a>)
GT3	<a href="http://www.cazy.org/GlycosylTransferases.html" target="_cazy_cat_link">GlycosylTransferases</a> - <a href="http://www.cazy.org/GT3.html" target="_cazy_fam_link">GT3</a> - glycogen synthase (EC <a href='http://www.enzyme-database.org/query.php?ec=2.4.1.11' target='_link' class='nav5'>2.4.1.11</a>).
GT4	<a href="http://www.cazy.org/GlycosylTransferases.html" target="_cazy_cat_link">GlycosylTransferases</a> - <a href="http://www.cazy.org/GT4.html" target="_cazy_fam_link">GT4</a> - sucrose synthase (EC <a href='http://www.enzyme-database.org/query.php?ec=2.4.1.13' target='_link' class='nav5'>2.4.1.13</a>); sucrose-phosphate synthase (EC <a href='http://www.enzyme-database.org/query.php?ec=2.4.1.14' target='_link' class='nav5'>2.4.1.14</a>); &alpha;-glucosyltransferase (EC <a href='http://www.enzyme-database.org/query.php?ec=2.4.1.52' target='_link' class='nav5'>2.4.1.52</a>); lipopolysaccharide N-acetylglucosaminyltransferase (EC <a href='http://www.enzyme-database.org/query.php?ec=2.4.1.56' target='_link' class='nav5'>2.4.1.56</a>); phosphatidylinositol &alpha;-mannosyltransferase (EC <a href='http://www.enzyme-database.org/query.php?ec=2.4.1.57' target='_link' class='nav5'>2.4.1.57</a>); GDP-Man: Man1GlcNAc2-PP-dolichol &alpha;-1,3-mannosyltransferase (EC <a href='http://www.enzyme-database.org/query.php?ec=2.4.1.132' target='_link' class='nav5'>2.4.1.132</a>); GDP-Man: Man3GlcNAc2-PP-dolichol/Man4GlcNAc2-PP-dolichol &alpha;-1,2-mannosyltransferase (EC <a href='http://www.enzyme-database.org/query.php?ec=2.4.1.131' target='_link' class='nav5'>2.4.1.131</a>); digalactosyldiacylglycerol synthase (EC <a href='http://www.enzyme-database.org/query.php?ec=2.4.1.141' target='_link' class='nav5'>2.4.1.141</a>); 1,2-diacylglycerol 3-glucosyltransferase (EC <a href='http://www.enzyme-database.org/query.php?ec=2.4.1.157' target='_link' class='nav5'>2.4.1.157</a>);  diglucosyl diacylglycerol synthase (EC <a href='http://www.enzyme-database.org/query.php?ec=2.4.1.208' target='_link' class='nav5'>2.4.1.208</a>); trehalose phosphorylase (EC <a href='http://www.enzyme-database.org/query.php?ec=2.4.1.231' target='_link' class='nav5'>2.4.1.231</a>); NDP-Glc: &alpha;-glucose &alpha;-glucosyltransferase / &alpha;,&alpha;-trehalose synthase (EC <a href='http://www.enzyme-database.org/query.php?ec=2.4.1.245' target='_link' class='nav5'>2.4.1.245</a>); GDP-Man: Man2GlcNAc2-PP-dolichol &alpha;-1,6-mannosyltransferase (EC <a href='http://www.enzyme-database.org/query.php?ec=2.4.1.257' target='_link' class='nav5'>2.4.1.257</a>); UDP-GlcNAc: 2-deoxystreptamine &alpha;-N-acetylglucosaminyltransferase (EC <a href='http://www.enzyme-database.org/query.php?ec=2.4.1.283' target='_link' class='nav5'>2.4.1.283</a>); UDP-GlcNAc: ribostamycin &alpha;-N-acetylglucosaminyltransferase (EC <a href='http://www.enzyme-database.org/query.php?ec=2.4.1.285' target='_link' class='nav5'>2.4.1.285</a>); UDP-Gal &alpha;-galactosyltransferase (EC <a href='http://www.enzyme-database.org/query.php?ec=2.4.1.*' target='_link' class='nav5'>2.4.1.-</a>); UDP-Xyl &alpha;-xylosyltransferase (EC <a href='http://www.enzyme-database.org/query.php?ec=2.4.2.*' target='_link' class='nav5'>2.4.2.-</a>); UDP-GlcA &alpha;-glucuronyltransferase (EC <a href='http://www.enzyme-database.org/query.php?ec=2.4.1.*' target='_link' class='nav5'>2.4.1.-</a>); UDP-Glc &alpha;-glucosyltransferase (EC <a href='http://www.enzyme-database.org/query.php?ec=2.4.1.*' target='_link' class='nav5'>2.4.1.-</a>); UDP-GalNAc: GalNAc-PP-Und &alpha;-1,3-N-acetylgalactosaminyltransferase (EC <a href='http://www.enzyme-database.org/query.php?ec=2.4.1.306' target='_link' class='nav5'>2.4.1.306</a>); UDP-GalNAc: N,N'-diacetylbacillosaminyl-PP-Und &alpha;-1,3-N-acetylgalactosaminyltransferase (EC <a href='http://www.enzyme-database.org/query.php?ec=2.4.1.290' target='_link' class='nav5'>2.4.1.290</a>); ADP-dependent &alpha;-maltose-1-phosphate synthase (<a href='http://www.enzyme-database.org/query.php?ec=2.4.1.342' target='_link' class='nav5'>2.4.1.342</a>)
GT5	<a href="http://www.cazy.org/GlycosylTransferases.html" target="_cazy_cat_link">GlycosylTransferases</a> - <a href="http://www.cazy.org/GT5.html" target="_cazy_fam_link">GT5</a> - UDP-Glc: glycogen glucosyltransferase (EC <a href='http://www.enzyme-database.org/query.php?ec=2.4.1.11' target='_link' class='nav5'>2.4.1.11</a>); ADP-Glc: starch glucosyltransferase (EC <a href='http://www.enzyme-database.org/query.php?ec=2.4.1.21' target='_link' class='nav5'>2.4.1.21</a>); NDP-Glc: starch glucosyltransferase (EC <a href='http://www.enzyme-database.org/query.php?ec=2.4.1.242' target='_link' class='nav5'>2.4.1.242</a>); UDP-Glc: &alpha;-1,3-glucan synthase (EC <a href='http://www.enzyme-database.org/query.php?ec=2.4.1.183' target='_link' class='nav5'>2.4.1.183</a>) UDP-Glc: &alpha;-1,4-glucan synthase (EC <a href='http://www.enzyme-database.org/query.php?ec=2.4.1.*' target='_link' class='nav5'>2.4.1.-</a>)
GT6	<a href="http://www.cazy.org/GlycosylTransferases.html" target="_cazy_cat_link">GlycosylTransferases</a> - <a href="http://www.cazy.org/GT6.html" target="_cazy_fam_link">GT6</a> - &alpha;-1,3-galactosyltransferase (EC <a href='http://www.enzyme-database.org/query.php?ec=2.4.1.87' target='_link' class='nav5'>2.4.1.87</a>); &alpha;-1,3 N-acetylgalactosaminyltransferase (EC <a href='http://www.enzyme-database.org/query.php?ec=2.4.1.40' target='_link' class='nav5'>2.4.1.40</a>); &alpha;-galactosyltransferase (EC <a href='http://www.enzyme-database.org/query.php?ec=2.4.1.37' target='_link' class='nav5'>2.4.1.37</a>); globoside &alpha;-N-acetylgalactosaminyltransferase (EC <a href='http://www.enzyme-database.org/query.php?ec=2.4.1.88' target='_link' class='nav5'>2.4.1.88</a>).
GT7	<a href="http://www.cazy.org/GlycosylTransferases.html" target="_cazy_cat_link">GlycosylTransferases</a> - <a href="http://www.cazy.org/GT7.html" target="_cazy_fam_link">GT7</a> - lactose synthase (EC <a href='http://www.enzyme-database.org/query.php?ec=2.4.1.22' target='_link' class='nav5'>2.4.1.22</a>); &beta;-N-acetylglucosaminyl-glycopeptide &beta;-1,4-galactosyltransferase (EC <a href='http://www.enzyme-database.org/query.php?ec=2.4.1.38' target='_link' class='nav5'>2.4.1.38</a>); N-acetyllactosamine synthase (EC <a href='http://www.enzyme-database.org/query.php?ec=2.4.1.90' target='_link' class='nav5'>2.4.1.90</a>); xylosylprotein &beta;-4-galactosyltransferase (EC <a href='http://www.enzyme-database.org/query.php?ec=2.4.1.133' target='_link' class='nav5'>2.4.1.133</a>); UDP-Gal: neolactotriaosylceramide &beta;-1,4-galactosyltransferase (EC <a href='http://www.enzyme-database.org/query.php?ec=2.4.1.275' target='_link' class='nav5'>2.4.1.275</a>); &beta;-1,4-N-acetylglucosaminyltransferase (EC <a href='http://www.enzyme-database.org/query.php?ec=2.4.1.*' target='_link' class='nav5'>2.4.1.-</a>); UDP-GalNAc: &beta;-1,3-glucuronyl-N-acetylgalactosaminyl-proteoglycan &beta;-1,4-N-acetylgalactosaminyltransferase (EC <a href='http://www.enzyme-database.org/query.php?ec=2.4.1.175' target='_link' class='nav5'>2.4.1.175</a>); UDP-GalNAc: &beta;-1,3-glucuronyl-galactosylproteoglycan &beta;-1,4-N-acetylgalactosaminyltransferase (EC <a href='http://www.enzyme-database.org/query.php?ec=2.4.1.174' target='_link' class='nav5'>2.4.1.174</a>); UDP-GlcA: N-acetylgalactosaminyl-proteoglycan &beta;-1,3-glucuronosyltransferase (EC <a href='http://www.enzyme-database.org/query.php?ec=2.4.1.226' target='_link' class='nav5'>2.4.1.226</a>); UDP-GalNAc: &beta;-1,4-N-acetylgalactosaminyltransferase (EC <a href='http://www.enzyme-database.org/query.php?ec=2.4.1.*' target='_link' class='nav5'>2.4.1.-</a>); UDP-GlcNAc: N-acetylglucosamine-&beta;-1,4-N-acetylglucosaminyltransferase (EC <a href='http://www.enzyme-database.org/query.php?ec=2.4.1.*' target='_link' class='nav5'>2.4.1.-</a>)
GT8	<a href="http://www.cazy.org/GlycosylTransferases.html" target="_cazy_cat_link">GlycosylTransferases</a> - <a href="http://www.cazy.org/GT8.html" target="_cazy_fam_link">GT8</a> - lipopolysaccharide &alpha;-1,3-galactosyltransferase (EC <a href='http://www.enzyme-database.org/query.php?ec=2.4.1.44' target='_link' class='nav5'>2.4.1.44</a>);  UDP-Glc: (glucosyl)lipopolysaccharide &alpha;-1,2-glucosyltransferase (EC <a href='http://www.enzyme-database.org/query.php?ec=2.4.1.*' target='_link' class='nav5'>2.4.1.-</a>); lipopolysaccharide glucosyltransferase 1 (EC <a href='http://www.enzyme-database.org/query.php?ec=2.4.1.58' target='_link' class='nav5'>2.4.1.58</a>); glycogenin glucosyltransferase (EC <a href='http://www.enzyme-database.org/query.php?ec=2.4.1.186' target='_link' class='nav5'>2.4.1.186</a>); inositol 1-&alpha;-galactosyltransferase (galactinol synthase) (EC <a href='http://www.enzyme-database.org/query.php?ec=2.4.1.123' target='_link' class='nav5'>2.4.1.123</a>); homogalacturonan &alpha;-1,4-galacturonosyltransferase (EC <a href='http://www.enzyme-database.org/query.php?ec=2.4.1.43' target='_link' class='nav5'>2.4.1.43</a>); UDP-GlcA: xylan &alpha;-glucuronyltransferase (EC <a href='http://www.enzyme-database.org/query.php?ec=2.4.1.*' target='_link' class='nav5'>2.4.1.-</a>); UDP-Gal:glucoside &alpha;-1,3-galactosyltransferase (EC <a href='http://www.enzyme-database.org/query.php?ec=2.4.1.*' target='_link' class='nav5'>2.4.1.-</a>)
GT9	<a href="http://www.cazy.org/GlycosylTransferases.html" target="_cazy_cat_link">GlycosylTransferases</a> - <a href="http://www.cazy.org/GT9.html" target="_cazy_fam_link">GT9</a> - lipopolysaccharide N-acetylglucosaminyltransferase (EC <a href='http://www.enzyme-database.org/query.php?ec=2.4.1.56' target='_link' class='nav5'>2.4.1.56</a>); heptosyltransferase (EC <a href='http://www.enzyme-database.org/query.php?ec=2.4.*.*' target='_link' class='nav5'>2.4.-.-</a>).
GT10	<a href="http://www.cazy.org/GlycosylTransferases.html" target="_cazy_cat_link">GlycosylTransferases</a> - <a href="http://www.cazy.org/GT10.html" target="_cazy_fam_link">GT10</a> - galactoside &alpha;-1,3/1,4-L-fucosyltransferase (EC <a href='http://www.enzyme-database.org/query.php?ec=2.4.1.65' target='_link' class='nav5'>2.4.1.65</a>); galactoside &alpha;-1,3-L-fucosyltransferase (EC <a href='http://www.enzyme-database.org/query.php?ec=2.4.1.152' target='_link' class='nav5'>2.4.1.152</a>); glycoprotein &alpha;-1,3-L-fucosyltransferase (EC <a href='http://www.enzyme-database.org/query.php?ec=2.4.1.214' target='_link' class='nav5'>2.4.1.214</a>)
GT11	<a href="http://www.cazy.org/GlycosylTransferases.html" target="_cazy_cat_link">GlycosylTransferases</a> - <a href="http://www.cazy.org/GT11.html" target="_cazy_fam_link">GT11</a> - GDP-L-Fuc: galactoside &alpha;-1,2-L-fucosyltransferase (EC <a href='http://www.enzyme-database.org/query.php?ec=2.4.1.69' target='_link' class='nav5'>2.4.1.69</a>); GDP-L-Fuc: &beta;-LacNac &alpha;-1,3-L-fucosyltransferase (EC <a href='http://www.enzyme-database.org/query.php?ec=2.4.1.*' target='_link' class='nav5'>2.4.1.-</a>)
GT12	<a href="http://www.cazy.org/GlycosylTransferases.html" target="_cazy_cat_link">GlycosylTransferases</a> - <a href="http://www.cazy.org/GT12.html" target="_cazy_fam_link">GT12</a> - [N-acetylneuraminyl]-galactosylglucosylceramide N-acetylgalactosaminyltransferase (EC <a href='http://www.enzyme-database.org/query.php?ec=2.4.1.92' target='_link' class='nav5'>2.4.1.92</a>).
GT13	<a href="http://www.cazy.org/GlycosylTransferases.html" target="_cazy_cat_link">GlycosylTransferases</a> - <a href="http://www.cazy.org/GT13.html" target="_cazy_fam_link">GT13</a> - &alpha;-1,3-mannosyl-glycoprotein &beta;-1,2-N-acetylglucosaminyltransferase (EC <a href='http://www.enzyme-database.org/query.php?ec=2.4.1.101' target='_link' class='nav5'>2.4.1.101</a>)
GT14	<a href="http://www.cazy.org/GlycosylTransferases.html" target="_cazy_cat_link">GlycosylTransferases</a> - <a href="http://www.cazy.org/GT14.html" target="_cazy_fam_link">GT14</a> - &beta;-1,3-galactosyl-O-glycosyl-glycoprotein &beta;-1,6-N-acetylglucosaminyltransferase (EC <a href='http://www.enzyme-database.org/query.php?ec=2.4.1.102' target='_link' class='nav5'>2.4.1.102</a>); N-acetyllactosaminide &beta;-1,6-N-acetylglucosaminyltransferase (EC <a href='http://www.enzyme-database.org/query.php?ec=2.4.1.150' target='_link' class='nav5'>2.4.1.150</a>); protein O-&beta;-xylosyltransferase (EC <a href='http://www.enzyme-database.org/query.php?ec=2.4.2.26' target='_link' class='nav5'>2.4.2.26</a>); UDP-GlcA:arabinogalactan &beta;-glucuronosyltransferase (EC <a href='http://www.enzyme-database.org/query.php?ec=2.4.1.*' target='_link' class='nav5'>2.4.1.-</a>)
GT15	<a href="http://www.cazy.org/GlycosylTransferases.html" target="_cazy_cat_link">GlycosylTransferases</a> - <a href="http://www.cazy.org/GT15.html" target="_cazy_fam_link">GT15</a> - glycolipid 2-&alpha;-mannosyltransferase (EC <a href='http://www.enzyme-database.org/query.php?ec=2.4.1.131' target='_link' class='nav5'>2.4.1.131</a>); GDP-Man: &alpha;-1,2-mannosyltransferase (EC <a href='http://www.enzyme-database.org/query.php?ec=2.4.1.*' target='_link' class='nav5'>2.4.1.-</a>).
GT16	<a href="http://www.cazy.org/GlycosylTransferases.html" target="_cazy_cat_link">GlycosylTransferases</a> - <a href="http://www.cazy.org/GT16.html" target="_cazy_fam_link">GT16</a> - &alpha;-1,6-mannosyl-glycoprotein &beta;-1,2-N-acetylglucosaminyltransferase (EC <a href='http://www.enzyme-database.org/query.php?ec=2.4.1.143' target='_link' class='nav5'>2.4.1.143</a>).
GT17	<a href="http://www.cazy.org/GlycosylTransferases.html" target="_cazy_cat_link">GlycosylTransferases</a> - <a href="http://www.cazy.org/GT17.html" target="_cazy_fam_link">GT17</a> - &beta;-1,4-mannosyl-glycoprotein &beta;-1,4-N-acetylglucosaminyltransferase (EC <a href='http://www.enzyme-database.org/query.php?ec=2.4.1.144' target='_link' class='nav5'>2.4.1.144</a>).
GT18	<a href="http://www.cazy.org/GlycosylTransferases.html" target="_cazy_cat_link">GlycosylTransferases</a> - <a href="http://www.cazy.org/GT18.html" target="_cazy_fam_link">GT18</a> - &alpha;-1,3(6)-mannosylglycoprotein &beta;-1,6-N-acetyl-glucosaminyltransferase (EC <a href='http://www.enzyme-database.org/query.php?ec=2.4.1.155' target='_link' class='nav5'>2.4.1.155</a>).
GT19	<a href="http://www.cazy.org/GlycosylTransferases.html" target="_cazy_cat_link">GlycosylTransferases</a> - <a href="http://www.cazy.org/GT19.html" target="_cazy_fam_link">GT19</a> - lipid-A-disaccharide synthase (EC <a href='http://www.enzyme-database.org/query.php?ec=2.4.1.182' target='_link' class='nav5'>2.4.1.182</a>).
GT20	<a href="http://www.cazy.org/GlycosylTransferases.html" target="_cazy_cat_link">GlycosylTransferases</a> - <a href="http://www.cazy.org/GT20.html" target="_cazy_fam_link">GT20</a> - &alpha;,&alpha;-trehalose-phosphate synthase [UDP-forming] (EC <a href='http://www.enzyme-database.org/query.php?ec=2.4.1.15' target='_link' class='nav5'>2.4.1.15</a>); Glucosylglycerol-phosphate synthase (EC <a href='http://www.enzyme-database.org/query.php?ec=2.4.1.213' target='_link' class='nav5'>2.4.1.213</a>); trehalose-6-P phosphatase (EC <a href='http://www.enzyme-database.org/query.php?ec=3.1.3.12' target='_link' class='nav5'>3.1.3.12</a>); [retaining] GDP-valeniol: validamine 7-phosphate valeniolyltransferase (EC <a href='http://www.enzyme-database.org/query.php?ec=2.*.*.*' target='_link' class='nav5'>2.-.-.-</a>)
GT21	<a href="http://www.cazy.org/GlycosylTransferases.html" target="_cazy_cat_link">GlycosylTransferases</a> - <a href="http://www.cazy.org/GT21.html" target="_cazy_fam_link">GT21</a> - UDP-Glc: ceramide &beta;-glucosyltransferase (EC <a href='http://www.enzyme-database.org/query.php?ec=2.4.1.80' target='_link' class='nav5'>2.4.1.80</a>).
GT22	<a href="http://www.cazy.org/GlycosylTransferases.html" target="_cazy_cat_link">GlycosylTransferases</a> - <a href="http://www.cazy.org/GT22.html" target="_cazy_fam_link">GT22</a> - Dol-P-Man: Man6GlcNAc2-PP-Dol &alpha;-1,2-mannosyltransferase (EC <a href='http://www.enzyme-database.org/query.php?ec=2.4.1.259' target='_link' class='nav5'>2.4.1.259</a>); Dol-P-Man: Man8GlcNAc2-PP-Dol &alpha;-1,2-mannosyltransferase (EC <a href='http://www.enzyme-database.org/query.php?ec=2.4.1.261' target='_link' class='nav5'>2.4.1.261</a>); Dol-P-Man: Man2-GlcNAc-phosphatidylinositol &alpha;-1,2-mannosyltransferase (EC <a href='http://www.enzyme-database.org/query.php?ec=2.4.1.*' target='_link' class='nav5'>2.4.1.-</a>); Dol-P-Man: Man3-GlcNAc-phosphatidylinositol &alpha;-1,2-mannosyltransferase (EC <a href='http://www.enzyme-database.org/query.php?ec=2.4.1.*' target='_link' class='nav5'>2.4.1.-</a>)
GT23	<a href="http://www.cazy.org/GlycosylTransferases.html" target="_cazy_cat_link">GlycosylTransferases</a> - <a href="http://www.cazy.org/GT23.html" target="_cazy_fam_link">GT23</a> - N-acetyl-&beta;-D-glucosaminide &alpha;-1,6-L-fucosyltransferase (EC <a href='http://www.enzyme-database.org/query.php?ec=2.4.1.68' target='_link' class='nav5'>2.4.1.68</a>); chitin-oligosaccharide &alpha;-1,6-L-fucosyltransferase (EC <a href='http://www.enzyme-database.org/query.php?ec=2.4.1.*' target='_link' class='nav5'>2.4.1.-</a>)
GT24	<a href="http://www.cazy.org/GlycosylTransferases.html" target="_cazy_cat_link">GlycosylTransferases</a> - <a href="http://www.cazy.org/GT24.html" target="_cazy_fam_link">GT24</a> - UDP-Glc: glycoprotein &alpha;-glucosyltransferase (EC <a href='http://www.enzyme-database.org/query.php?ec=2.4.1.*' target='_link' class='nav5'>2.4.1.-</a>).
GT25	<a href="http://www.cazy.org/GlycosylTransferases.html" target="_cazy_cat_link">GlycosylTransferases</a> - <a href="http://www.cazy.org/GT25.html" target="_cazy_fam_link">GT25</a> - lipopolysaccharide &beta;-1,4-galactosyltransferase (EC <a href='http://www.enzyme-database.org/query.php?ec=2.4.1.*' target='_link' class='nav5'>2.4.1.-</a>); &beta;-1,3-glucosyltransferase (EC <a href='http://www.enzyme-database.org/query.php?ec=2.4.1.*' target='_link' class='nav5'>2.4.1.-</a>); &beta;-1,2-glucosyltransferase (EC <a href='http://www.enzyme-database.org/query.php?ec=2.4.1.*' target='_link' class='nav5'>2.4.1.-</a>); &beta;-1,2-galactosyltransferase (EC <a href='http://www.enzyme-database.org/query.php?ec=2.4.1.*' target='_link' class='nav5'>2.4.1.-</a>); LPS &beta;-1,4-galactosyltransferase (EC <a href='http://www.enzyme-database.org/query.php?ec=2.4.1.*' target='_link' class='nav5'>2.4.1.-</a>); occidiofungin &beta;-xylosyltransferase (EC <a href='http://www.enzyme-database.org/query.php?ec=2.4.2.*' target='_link' class='nav5'>2.4.2.-</a>); UDP-Gal:procollagen &beta;-galactosyltransferase (EC <a href='http://www.enzyme-database.org/query.php?ec=2.4.1.50' target='_link' class='nav5'>2.4.1.50</a>)
GT26	<a href="http://www.cazy.org/GlycosylTransferases.html" target="_cazy_cat_link">GlycosylTransferases</a> - <a href="http://www.cazy.org/GT26.html" target="_cazy_fam_link">GT26</a> - UDP-ManNAcA: &beta;-N-acetyl mannosaminuronyltransferase (EC <a href='http://www.enzyme-database.org/query.php?ec=2.4.1.*' target='_link' class='nav5'>2.4.1.-</a>); UDP-ManNAc: &beta;-N-acetyl-mannosaminyltransferase (EC <a href='http://www.enzyme-database.org/query.php?ec=2.4.1.*' target='_link' class='nav5'>2.4.1.-</a>); UDP-Glc: &beta;-1,4-glucosyltransferase (EC <a href='http://www.enzyme-database.org/query.php?ec=2.4.1.*' target='_link' class='nav5'>2.4.1.-</a>); &beta;-1,4-galactosyltransferase (EC <a href='http://www.enzyme-database.org/query.php?ec=2.4.1.*' target='_link' class='nav5'>2.4.1.-</a>)
GT27	<a href="http://www.cazy.org/GlycosylTransferases.html" target="_cazy_cat_link">GlycosylTransferases</a> - <a href="http://www.cazy.org/GT27.html" target="_cazy_fam_link">GT27</a> - polypeptide &alpha;-N-acetylgalactosaminyltransferase (EC <a href='http://www.enzyme-database.org/query.php?ec=2.4.1.41' target='_link' class='nav5'>2.4.1.41</a>)
GT28	<a href="http://www.cazy.org/GlycosylTransferases.html" target="_cazy_cat_link">GlycosylTransferases</a> - <a href="http://www.cazy.org/GT28.html" target="_cazy_fam_link">GT28</a> - 1,2-diacylglycerol 3-&beta;-galactosyltransferase (EC <a href='http://www.enzyme-database.org/query.php?ec=2.4.1.46' target='_link' class='nav5'>2.4.1.46</a>); 1,2-diacylglycerol 3-&beta;-glucosyltransferase (EC <a href='http://www.enzyme-database.org/query.php?ec=2.4.1.157' target='_link' class='nav5'>2.4.1.157</a>);  UDP-GlcNAc: Und-PP-MurAc-pentapeptide &beta;-N-acetylglucosaminyltransferase (EC <a href='http://www.enzyme-database.org/query.php?ec=2.4.1.227' target='_link' class='nav5'>2.4.1.227</a>); digalactosyldiacylglycerol synthase (EC <a href='http://www.enzyme-database.org/query.php?ec=2.4.1.241' target='_link' class='nav5'>2.4.1.241</a>)
GT29	<a href="http://www.cazy.org/GlycosylTransferases.html" target="_cazy_cat_link">GlycosylTransferases</a> - <a href="http://www.cazy.org/GT29.html" target="_cazy_fam_link">GT29</a> - sialyltransferase (EC <a href='http://www.enzyme-database.org/query.php?ec=2.4.99.*' target='_link' class='nav5'>2.4.99.-</a>); &beta;-galactoside &alpha;-2,6-sialyltransferase (EC <a href='http://www.enzyme-database.org/query.php?ec=2.4.99.1' target='_link' class='nav5'>2.4.99.1</a>); &alpha;-N-acetylgalactosaminide &alpha;-2,6-sialyltransferase (EC <a href='http://www.enzyme-database.org/query.php?ec=2.4.99.3' target='_link' class='nav5'>2.4.99.3</a>); &beta;-galactoside &alpha;-2,3-sialyltransferase (EC <a href='http://www.enzyme-database.org/query.php?ec=2.4.99.4' target='_link' class='nav5'>2.4.99.4</a>); N-acetyllactosaminide &alpha;-2,3-sialyltransferase (EC <a href='http://www.enzyme-database.org/query.php?ec=2.4.99.6' target='_link' class='nav5'>2.4.99.6</a>); (&alpha;-N-acetyl-neuraminyl-2,3-&beta;-galactosyl-1,3)-N-acetylgalactosaminide &alpha;-2,6-sialyltransferase (EC <a href='http://www.enzyme-database.org/query.php?ec=2.4.99.7' target='_link' class='nav5'>2.4.99.7</a>);  &alpha;-N-acetyl-neuraminide &alpha;-2,8-sialyltransferase (EC <a href='http://www.enzyme-database.org/query.php?ec=2.4.99.8' target='_link' class='nav5'>2.4.99.8</a>); lactosylceramide &alpha;-2,3-sialyltransferase (EC <a href='http://www.enzyme-database.org/query.php?ec=2.4.99.9' target='_link' class='nav5'>2.4.99.9</a>)
GT30	<a href="http://www.cazy.org/GlycosylTransferases.html" target="_cazy_cat_link">GlycosylTransferases</a> - <a href="http://www.cazy.org/GT30.html" target="_cazy_fam_link">GT30</a> - CMP-&beta;-KDO: &alpha;-3-deoxy-D-manno-octulosonic-acid (KDO) transferase (EC <a href='http://www.enzyme-database.org/query.php?ec=2.4.99.*' target='_link' class='nav5'>2.4.99.-</a>).
GT31	<a href="http://www.cazy.org/GlycosylTransferases.html" target="_cazy_cat_link">GlycosylTransferases</a> - <a href="http://www.cazy.org/GT31.html" target="_cazy_fam_link">GT31</a> - N-acetyllactosaminide &beta;-1,3-N-acetylglucosaminyltransferase (EC <a href='http://www.enzyme-database.org/query.php?ec=2.4.1.149' target='_link' class='nav5'>2.4.1.149</a>); Glycoprotein-N-acetylgalactosamine 3-&beta;-galactosyltransferase (EC <a href='http://www.enzyme-database.org/query.php?ec=2.4.1.122' target='_link' class='nav5'>2.4.1.122</a>); fucose-specific &beta;-1,3-N-acetylglucosaminyltransferase (EC <a href='http://www.enzyme-database.org/query.php?ec=2.4.1.*' target='_link' class='nav5'>2.4.1.-</a>); globotriosylceramide &beta;-1,3-GalNAc transferase (EC <a href='http://www.enzyme-database.org/query.php?ec=2.4.1.79' target='_link' class='nav5'>2.4.1.79</a>); chondroitin synthase (&beta;-1,3-GlcUA and &beta;-1,4-GalNAc transferase (EC <a href='http://www.enzyme-database.org/query.php?ec=2.4.1.175' target='_link' class='nav5'>2.4.1.175</a>); chondroitin &beta;-1,3-glucuronyltransferase (EC <a href='http://www.enzyme-database.org/query.php?ec=2.4.1.226' target='_link' class='nav5'>2.4.1.226</a>); chondroitin &beta;-1,4-N-acetylgalactosaminyltransferase (EC <a href='http://www.enzyme-database.org/query.php?ec=2.4.1.*' target='_link' class='nav5'>2.4.1.-</a>); UDP-Gal: &beta;-galactosylxylosylprotein &beta;-1,3-galactosyltransferase (EC <a href='http://www.enzyme-database.org/query.php?ec=2.4.1.134' target='_link' class='nav5'>2.4.1.134</a>); UDP-GlcNAc: O-fucosylpeptide &beta;-1,3-N-acetylglucosaminyltransferase (EC <a href='http://www.enzyme-database.org/query.php?ec=2.4.1.222' target='_link' class='nav5'>2.4.1.222</a>)
GT32	<a href="http://www.cazy.org/GlycosylTransferases.html" target="_cazy_cat_link">GlycosylTransferases</a> - <a href="http://www.cazy.org/GT32.html" target="_cazy_fam_link">GT32</a> - &alpha;-1,6-mannosyltransferase (EC <a href='http://www.enzyme-database.org/query.php?ec=2.4.1.*' target='_link' class='nav5'>2.4.1.-</a>); &alpha;-1,4-N-acetylglucosaminyltransferase (EC <a href='http://www.enzyme-database.org/query.php?ec=2.4.1.*' target='_link' class='nav5'>2.4.1.-</a>); &alpha;-1,4-N-acetylgalactosaminyltransferase (EC <a href='http://www.enzyme-database.org/query.php?ec=2.4.1.*' target='_link' class='nav5'>2.4.1.-</a>); GDP-Man: inositol-phosphorylceramide transferase (EC <a href='http://www.enzyme-database.org/query.php?ec=2.4.1.*' target='_link' class='nav5'>2.4.1.-</a>); UDP-Gal: &beta;-galactoside &alpha;-1,4-galactosyltransferase (EC <a href='http://www.enzyme-database.org/query.php?ec=2.4.1.*' target='_link' class='nav5'>2.4.1.-</a>); UDP-Gal: lactose/N-acetyl-lactosamine &alpha;-1,4-galactosyltransferase (EC <a href='http://www.enzyme-database.org/query.php?ec=2.4.1.*' target='_link' class='nav5'>2.4.1.-</a>); UDP-Glc: protein &alpha;-glucosyltransferase (EC <a href='http://www.enzyme-database.org/query.php?ec=2.4.1.*' target='_link' class='nav5'>2.4.1.-</a>)
GT33	<a href="http://www.cazy.org/GlycosylTransferases.html" target="_cazy_cat_link">GlycosylTransferases</a> - <a href="http://www.cazy.org/GT33.html" target="_cazy_fam_link">GT33</a> - GDP-Man: chitobiosyldiphosphodolichol &beta;-mannosyltransferase (EC <a href='http://www.enzyme-database.org/query.php?ec=2.4.1.142' target='_link' class='nav5'>2.4.1.142</a>).
GT34	<a href="http://www.cazy.org/GlycosylTransferases.html" target="_cazy_cat_link">GlycosylTransferases</a> - <a href="http://www.cazy.org/GT34.html" target="_cazy_fam_link">GT34</a> - UDP-Gal: galactomannan &alpha;-1,6-galactosyltransferase (EC <a href='http://www.enzyme-database.org/query.php?ec=2.4.1.*' target='_link' class='nav5'>2.4.1.-</a>); UDP-Xyl: xyloglucan &alpha;-1,6-xylosyltransferase (EC <a href='http://www.enzyme-database.org/query.php?ec=2.4.2.39' target='_link' class='nav5'>2.4.2.39</a>); &alpha;-1,2-galactosyltransferase (EC <a href='http://www.enzyme-database.org/query.php?ec=2.4.1.*' target='_link' class='nav5'>2.4.1.-</a>)
GT35	<a href="http://www.cazy.org/GlycosylTransferases.html" target="_cazy_cat_link">GlycosylTransferases</a> - <a href="http://www.cazy.org/GT35.html" target="_cazy_fam_link">GT35</a> - glycogen or starch phosphorylase (EC <a href='http://www.enzyme-database.org/query.php?ec=2.4.1.1' target='_link' class='nav5'>2.4.1.1</a>).
GT37	<a href="http://www.cazy.org/GlycosylTransferases.html" target="_cazy_cat_link">GlycosylTransferases</a> - <a href="http://www.cazy.org/GT37.html" target="_cazy_fam_link">GT37</a> - galactoside 2-L-fucosyltransferase (EC <a href='http://www.enzyme-database.org/query.php?ec=2.4.1.69' target='_link' class='nav5'>2.4.1.69</a>)
GT38	<a href="http://www.cazy.org/GlycosylTransferases.html" target="_cazy_cat_link">GlycosylTransferases</a> - <a href="http://www.cazy.org/GT38.html" target="_cazy_fam_link">GT38</a> - polysialyltransferase (EC <a href='http://www.enzyme-database.org/query.php?ec=2.4.*.*' target='_link' class='nav5'>2.4.-.-</a>)
GT39	<a href="http://www.cazy.org/GlycosylTransferases.html" target="_cazy_cat_link">GlycosylTransferases</a> - <a href="http://www.cazy.org/GT39.html" target="_cazy_fam_link">GT39</a> - Dol-P-Man: protein &alpha;-mannosyltransferase (EC <a href='http://www.enzyme-database.org/query.php?ec=2.4.1.109' target='_link' class='nav5'>2.4.1.109</a>)
GT40	<a href="http://www.cazy.org/GlycosylTransferases.html" target="_cazy_cat_link">GlycosylTransferases</a> - <a href="http://www.cazy.org/GT40.html" target="_cazy_fam_link">GT40</a> - &beta;-1,3-galactofuranosyltransferases (EC <a href='http://www.enzyme-database.org/query.php?ec=2.4.1.*' target='_link' class='nav5'>2.4.1.-</a>)
GT41	<a href="http://www.cazy.org/GlycosylTransferases.html" target="_cazy_cat_link">GlycosylTransferases</a> - <a href="http://www.cazy.org/GT41.html" target="_cazy_fam_link">GT41</a> - UDP-GlcNAc: peptide &beta;-N-acetylglucosaminyltransferase (EC <a href='http://www.enzyme-database.org/query.php?ec=2.4.1.255' target='_link' class='nav5'>2.4.1.255</a>); UDP-Glc: peptide N-&beta;-glucosyltransferase (EC <a href='http://www.enzyme-database.org/query.php?ec=2.4.1.*' target='_link' class='nav5'>2.4.1.-</a>); GDP-L-Fuc: protein O-&alpha;-L-fucosyltransferase (EC <a href='http://www.enzyme-database.org/query.php?ec=2.4.1.221' target='_link' class='nav5'>2.4.1.221</a>)
GT42	<a href="http://www.cazy.org/GlycosylTransferases.html" target="_cazy_cat_link">GlycosylTransferases</a> - <a href="http://www.cazy.org/GT42.html" target="_cazy_fam_link">GT42</a> - CMP-NeuAc &alpha;-2,3-sialyltransferase (EC <a href='http://www.enzyme-database.org/query.php?ec=2.4.99.*' target='_link' class='nav5'>2.4.99.-</a>)
GT43	<a href="http://www.cazy.org/GlycosylTransferases.html" target="_cazy_cat_link">GlycosylTransferases</a> - <a href="http://www.cazy.org/GT43.html" target="_cazy_fam_link">GT43</a> - &beta;-glucuronyltransferase (EC <a href='http://www.enzyme-database.org/query.php?ec=2.4.1.135' target='_link' class='nav5'>2.4.1.135</a>); UDP-Xyl: xylan  &beta;-1,4-xylosyltransferase (EC <a href='http://www.enzyme-database.org/query.php?ec=2.4.2.*' target='_link' class='nav5'>2.4.2.-</a>)
GT44	<a href="http://www.cazy.org/GlycosylTransferases.html" target="_cazy_cat_link">GlycosylTransferases</a> - <a href="http://www.cazy.org/GT44.html" target="_cazy_fam_link">GT44</a> - UDP-Glc: &alpha;-glucosyltransferase (EC <a href='http://www.enzyme-database.org/query.php?ec=2.4.1.*' target='_link' class='nav5'>2.4.1.-</a>); UDP-GlcNAc: &alpha;-N-acetylglucosaminyltransferase (EC <a href='http://www.enzyme-database.org/query.php?ec=2.4.1.*' target='_link' class='nav5'>2.4.1.-</a>).
GT45	<a href="http://www.cazy.org/GlycosylTransferases.html" target="_cazy_cat_link">GlycosylTransferases</a> - <a href="http://www.cazy.org/GT45.html" target="_cazy_fam_link">GT45</a> - &alpha;-N-acteylglucosaminyltransferase (EC <a href='http://www.enzyme-database.org/query.php?ec=2.4.1.*' target='_link' class='nav5'>2.4.1.-</a>)
GT47	<a href="http://www.cazy.org/GlycosylTransferases.html" target="_cazy_cat_link">GlycosylTransferases</a> - <a href="http://www.cazy.org/GT47.html" target="_cazy_fam_link">GT47</a> - heparan &beta;-glucuronyltransferase (EC <a href='http://www.enzyme-database.org/query.php?ec=2.4.1.225' target='_link' class='nav5'>2.4.1.225</a>); xyloglucan &beta;-galactosyltransferase (EC <a href='http://www.enzyme-database.org/query.php?ec=2.4.1.*' target='_link' class='nav5'>2.4.1.-</a>); heparan synthase (EC <a href='http://www.enzyme-database.org/query.php?ec=2.4.1.*' target='_link' class='nav5'>2.4.1.-</a>); arabinan &alpha;-L-arabinosyltransferase (EC <a href='http://www.enzyme-database.org/query.php?ec=2.4.2.*' target='_link' class='nav5'>2.4.2.-</a>). 
GT48	<a href="http://www.cazy.org/GlycosylTransferases.html" target="_cazy_cat_link">GlycosylTransferases</a> - <a href="http://www.cazy.org/GT48.html" target="_cazy_fam_link">GT48</a> - 1,3-&beta;-glucan synthase (EC <a href='http://www.enzyme-database.org/query.php?ec=2.4.1.34' target='_link' class='nav5'>2.4.1.34</a>)
GT49	<a href="http://www.cazy.org/GlycosylTransferases.html" target="_cazy_cat_link">GlycosylTransferases</a> - <a href="http://www.cazy.org/GT49.html" target="_cazy_fam_link">GT49</a> - &beta;-1,3-N-acetylglucosaminyltransferase (EC <a href='http://www.enzyme-database.org/query.php?ec=2.4.1.*' target='_link' class='nav5'>2.4.1.-</a>).
GT50	<a href="http://www.cazy.org/GlycosylTransferases.html" target="_cazy_cat_link">GlycosylTransferases</a> - <a href="http://www.cazy.org/GT50.html" target="_cazy_fam_link">GT50</a> - Dol-P-Man &alpha;-1,4-mannosyltransferase (EC <a href='http://www.enzyme-database.org/query.php?ec=2.4.1.*' target='_link' class='nav5'>2.4.1.-</a>)
GT51	<a href="http://www.cazy.org/GlycosylTransferases.html" target="_cazy_cat_link">GlycosylTransferases</a> - <a href="http://www.cazy.org/GT51.html" target="_cazy_fam_link">GT51</a> - murein polymerase (EC <a href='http://www.enzyme-database.org/query.php?ec=2.4.1.129' target='_link' class='nav5'>2.4.1.129</a>). 
GT52	<a href="http://www.cazy.org/GlycosylTransferases.html" target="_cazy_cat_link">GlycosylTransferases</a> - <a href="http://www.cazy.org/GT52.html" target="_cazy_fam_link">GT52</a> - &alpha;-2,3-sialyltransferase (EC <a href='http://www.enzyme-database.org/query.php?ec=2.4.99.4' target='_link' class='nav5'>2.4.99.4</a>); &alpha;-glucosyltransferase (EC <a href='http://www.enzyme-database.org/query.php?ec=2.4.1.*' target='_link' class='nav5'>2.4.1.-</a>)
GT53	<a href="http://www.cazy.org/GlycosylTransferases.html" target="_cazy_cat_link">GlycosylTransferases</a> - <a href="http://www.cazy.org/GT53.html" target="_cazy_fam_link">GT53</a> - UDP-L-Ara: &alpha;-L-arabinosyltransferase (EC <a href='http://www.enzyme-database.org/query.php?ec=2.4.2.*' target='_link' class='nav5'>2.4.2.-</a>); DecapreP-Araf: &alpha;-(1,3)-arabinosyltransferase (EC <a href='http://www.enzyme-database.org/query.php?ec=2.4.2.*' target='_link' class='nav5'>2.4.2.-</a>); DecapreP-Araf: Lipoarabinomannan &alpha;-(1,5)-arabinosyltransferase (EC <a href='http://www.enzyme-database.org/query.php?ec=2.4.2.*' target='_link' class='nav5'>2.4.2.-</a>)
GT54	<a href="http://www.cazy.org/GlycosylTransferases.html" target="_cazy_cat_link">GlycosylTransferases</a> - <a href="http://www.cazy.org/GT54.html" target="_cazy_fam_link">GT54</a> - UDP-GlcNAc: &alpha;-1,3-D-mannoside &beta;-1,4-N-acetylglucosaminyltransferase (EC <a href='http://www.enzyme-database.org/query.php?ec=2.4.1.145' target='_link' class='nav5'>2.4.1.145</a>)
GT55	<a href="http://www.cazy.org/GlycosylTransferases.html" target="_cazy_cat_link">GlycosylTransferases</a> - <a href="http://www.cazy.org/GT55.html" target="_cazy_fam_link">GT55</a> - GDP-Man: mannosyl-3-phosphoglycerate synthase (EC <a href='http://www.enzyme-database.org/query.php?ec=2.4.1.217' target='_link' class='nav5'>2.4.1.217</a>)
GT56	<a href="http://www.cazy.org/GlycosylTransferases.html" target="_cazy_cat_link">GlycosylTransferases</a> - <a href="http://www.cazy.org/GT56.html" target="_cazy_fam_link">GT56</a> - TDP-Fuc4NAc: lipid II Fuc4NAc transferase (EC <a href='http://www.enzyme-database.org/query.php?ec=2.4.1.*' target='_link' class='nav5'>2.4.1.-</a>)
GT57	<a href="http://www.cazy.org/GlycosylTransferases.html" target="_cazy_cat_link">GlycosylTransferases</a> - <a href="http://www.cazy.org/GT57.html" target="_cazy_fam_link">GT57</a> - Dol-P-Glc: &alpha;-1,3-glucosyltransferase (EC <a href='http://www.enzyme-database.org/query.php?ec=2.4.1.*' target='_link' class='nav5'>2.4.1.-</a>)
GT58	<a href="http://www.cazy.org/GlycosylTransferases.html" target="_cazy_cat_link">GlycosylTransferases</a> - <a href="http://www.cazy.org/GT58.html" target="_cazy_fam_link">GT58</a> - Dol-P-Man: Man5GlcNAc2-PP-Dol &alpha;-1,3-mannosyltransferase (EC <a href='http://www.enzyme-database.org/query.php?ec=2.4.1.258' target='_link' class='nav5'>2.4.1.258</a>)
GT59	<a href="http://www.cazy.org/GlycosylTransferases.html" target="_cazy_cat_link">GlycosylTransferases</a> - <a href="http://www.cazy.org/GT59.html" target="_cazy_fam_link">GT59</a> - Dol-P-Glc: Glc2Man9GlcNAc2-PP-Dol &alpha;-1,2-glucosyltransferase (EC <a href='http://www.enzyme-database.org/query.php?ec=2.4.1.256' target='_link' class='nav5'>2.4.1.256</a>)
GT60	<a href="http://www.cazy.org/GlycosylTransferases.html" target="_cazy_cat_link">GlycosylTransferases</a> - <a href="http://www.cazy.org/GT60.html" target="_cazy_fam_link">GT60</a> - UDP-GlcNAc: polypeptide &alpha;-N-acetylglucosaminyltransferase (EC <a href='http://www.enzyme-database.org/query.php?ec=2.4.1.*' target='_link' class='nav5'>2.4.1.-</a>); UDP-GlcNAc: hydroxyproline polypeptide &alpha;-N-acetylglucosaminyltransferase (EC <a href='http://www.enzyme-database.org/query.php?ec=2.4.1.*' target='_link' class='nav5'>2.4.1.-</a>)
GT61	<a href="http://www.cazy.org/GlycosylTransferases.html" target="_cazy_cat_link">GlycosylTransferases</a> - <a href="http://www.cazy.org/GT61.html" target="_cazy_fam_link">GT61</a> - &beta;-1,2-xylosyltransferase (EC <a href='http://www.enzyme-database.org/query.php?ec=2.4.2.38' target='_link' class='nav5'>2.4.2.38</a>) ; protein O-&beta;-N-acetylglucosaminyltransferase (EC <a href='http://www.enzyme-database.org/query.php?ec=2.4.1.94' target='_link' class='nav5'>2.4.1.94</a>) ; xylan &alpha;-1,3-arabinofuranosyltransferase (EC <a href='http://www.enzyme-database.org/query.php?ec=2.4.2.*' target='_link' class='nav5'>2.4.2.-</a>) ; UDP-GlcNAc: protein O-&beta;-N-acetylglucosaminyltransferase (EC <a href='http://www.enzyme-database.org/query.php?ec=2.4.1.255' target='_link' class='nav5'>2.4.1.255</a>); protein O-mannose -1,4-N-acetylglucosaminyltransferase (EC <a href='http://www.enzyme-database.org/query.php?ec=2.4.1.312' target='_link' class='nav5'>2.4.1.312</a>)
GT62	<a href="http://www.cazy.org/GlycosylTransferases.html" target="_cazy_cat_link">GlycosylTransferases</a> - <a href="http://www.cazy.org/GT62.html" target="_cazy_fam_link">GT62</a> - &alpha;-1,2-mannosyltransferase (EC <a href='http://www.enzyme-database.org/query.php?ec=2.4.1.*' target='_link' class='nav5'>2.4.1.-</a>); &alpha;-1,6-mannosyltransferase (EC <a href='http://www.enzyme-database.org/query.php?ec=2.4.1.*' target='_link' class='nav5'>2.4.1.-</a>)
GT63	<a href="http://www.cazy.org/GlycosylTransferases.html" target="_cazy_cat_link">GlycosylTransferases</a> - <a href="http://www.cazy.org/GT63.html" target="_cazy_fam_link">GT63</a> - UDP-Glc: DNA &beta;-glucosyltransferase (EC <a href='http://www.enzyme-database.org/query.php?ec=2.4.1.27' target='_link' class='nav5'>2.4.1.27</a>)
GT64	<a href="http://www.cazy.org/GlycosylTransferases.html" target="_cazy_cat_link">GlycosylTransferases</a> - <a href="http://www.cazy.org/GT64.html" target="_cazy_fam_link">GT64</a> - UDP-GlcNAc: heparan &alpha;-N-acetylhexosaminyltransferase (EC <a href='http://www.enzyme-database.org/query.php?ec=2.4.1.224' target='_link' class='nav5'>2.4.1.224</a>)
GT65	<a href="http://www.cazy.org/GlycosylTransferases.html" target="_cazy_cat_link">GlycosylTransferases</a> - <a href="http://www.cazy.org/GT65.html" target="_cazy_fam_link">GT65</a> - GDP-Fuc: protein O-&alpha;-fucosyltransferase (EC <a href='http://www.enzyme-database.org/query.php?ec=2.4.1.*' target='_link' class='nav5'>2.4.1.-</a>)
GT66	<a href="http://www.cazy.org/GlycosylTransferases.html" target="_cazy_cat_link">GlycosylTransferases</a> - <a href="http://www.cazy.org/GT66.html" target="_cazy_fam_link">GT66</a> - dolichyl-diphosphooligosaccharideprotein glycotransferase (EC <a href='http://www.enzyme-database.org/query.php?ec=2.4.99.18' target='_link' class='nav5'>2.4.99.18</a>); undecaprenyl-diphosphooligosaccharideprotein glycotransferase (EC <a href='http://www.enzyme-database.org/query.php?ec=2.4.99.19' target='_link' class='nav5'>2.4.99.19</a>) 
GT67	<a href="http://www.cazy.org/GlycosylTransferases.html" target="_cazy_cat_link">GlycosylTransferases</a> - <a href="http://www.cazy.org/GT67.html" target="_cazy_fam_link">GT67</a> - UDP-Gal: phosphoglycan &beta;-1,3-galactosyltransferase 1 (SCG1) (EC <a href='http://www.enzyme-database.org/query.php?ec=2.4.1.*' target='_link' class='nav5'>2.4.1.-</a>); UDP-GlcNAc &beta;-1,2-N-acetylglucosaminyltransferase (EC <a href='http://www.enzyme-database.org/query.php?ec=2.4.1.*' target='_link' class='nav5'>2.4.1.-</a>)
GT68	<a href="http://www.cazy.org/GlycosylTransferases.html" target="_cazy_cat_link">GlycosylTransferases</a> - <a href="http://www.cazy.org/GT68.html" target="_cazy_fam_link">GT68</a> - GDP-Fuc: protein O-&alpha;-fucosyltransferase (EC <a href='http://www.enzyme-database.org/query.php?ec=2.4.1.*' target='_link' class='nav5'>2.4.1.-</a>)
GT69	<a href="http://www.cazy.org/GlycosylTransferases.html" target="_cazy_cat_link">GlycosylTransferases</a> - <a href="http://www.cazy.org/GT69.html" target="_cazy_fam_link">GT69</a> - GDP-Man: &alpha;-1,3-mannosyltransferase (EC <a href='http://www.enzyme-database.org/query.php?ec=2.4.1.*' target='_link' class='nav5'>2.4.1.-</a>)
GT70	<a href="http://www.cazy.org/GlycosylTransferases.html" target="_cazy_cat_link">GlycosylTransferases</a> - <a href="http://www.cazy.org/GT70.html" target="_cazy_fam_link">GT70</a> - UDP-GlcA: &beta;-glucuronosyltransferase (EC <a href='http://www.enzyme-database.org/query.php?ec=2.4.1.17' target='_link' class='nav5'>2.4.1.17</a>)
GT71	<a href="http://www.cazy.org/GlycosylTransferases.html" target="_cazy_cat_link">GlycosylTransferases</a> - <a href="http://www.cazy.org/GT71.html" target="_cazy_fam_link">GT71</a> - &alpha;-mannosyltransferase (EC <a href='http://www.enzyme-database.org/query.php?ec=2.4.1.*' target='_link' class='nav5'>2.4.1.-</a>)
GT72	<a href="http://www.cazy.org/GlycosylTransferases.html" target="_cazy_cat_link">GlycosylTransferases</a> - <a href="http://www.cazy.org/GT72.html" target="_cazy_fam_link">GT72</a> - UDP-Glc: DNA &alpha;-glucosyltransferase (EC <a href='http://www.enzyme-database.org/query.php?ec=2.4.1.26' target='_link' class='nav5'>2.4.1.26</a>)
GT73	<a href="http://www.cazy.org/GlycosylTransferases.html" target="_cazy_cat_link">GlycosylTransferases</a> - <a href="http://www.cazy.org/GT73.html" target="_cazy_fam_link">GT73</a> - CMP-&beta;-KDO: &alpha;-3-deoxy-D-manno-octulosonic-acid (KDO) transferase (EC <a href='http://www.enzyme-database.org/query.php?ec=2.4.99.*' target='_link' class='nav5'>2.4.99.-</a>).
GT74	<a href="http://www.cazy.org/GlycosylTransferases.html" target="_cazy_cat_link">GlycosylTransferases</a> - <a href="http://www.cazy.org/GT74.html" target="_cazy_fam_link">GT74</a> - &alpha;-1,2-L-fucosyltransferase (EC <a href='http://www.enzyme-database.org/query.php?ec=2.4.1.69' target='_link' class='nav5'>2.4.1.69</a>)
GT75	<a href="http://www.cazy.org/GlycosylTransferases.html" target="_cazy_cat_link">GlycosylTransferases</a> - <a href="http://www.cazy.org/GT75.html" target="_cazy_fam_link">GT75</a> - UDP-Glc: self-glucosylating &beta;-glucosyltransferase (EC <a href='http://www.enzyme-database.org/query.php?ec=2.4.1.*' target='_link' class='nav5'>2.4.1.-</a>); UDP-L-arabinopyranose mutase (EC <a href='http://www.enzyme-database.org/query.php?ec=5.4.99.*' target='_link' class='nav5'>5.4.99.-</a>)
GT76	<a href="http://www.cazy.org/GlycosylTransferases.html" target="_cazy_cat_link">GlycosylTransferases</a> - <a href="http://www.cazy.org/GT76.html" target="_cazy_fam_link">GT76</a> - Dol-P-Man: &alpha;-1,6-mannosyltransferase (EC <a href='http://www.enzyme-database.org/query.php?ec=2.4.1.*' target='_link' class='nav5'>2.4.1.-</a>)
GT77	<a href="http://www.cazy.org/GlycosylTransferases.html" target="_cazy_cat_link">GlycosylTransferases</a> - <a href="http://www.cazy.org/GT77.html" target="_cazy_fam_link">GT77</a> - &alpha;-xylosyltransferase (EC <a href='http://www.enzyme-database.org/query.php?ec=2.4.2.39' target='_link' class='nav5'>2.4.2.39</a>); &alpha;-1,3-galactosyltransferase (EC <a href='http://www.enzyme-database.org/query.php?ec=2.4.1.37' target='_link' class='nav5'>2.4.1.37</a>); arabinosyltransferase (EC <a href='http://www.enzyme-database.org/query.php?ec=2.4.2.*' target='_link' class='nav5'>2.4.2.-</a>);
GT78	<a href="http://www.cazy.org/GlycosylTransferases.html" target="_cazy_cat_link">GlycosylTransferases</a> - <a href="http://www.cazy.org/GT78.html" target="_cazy_fam_link">GT78</a> - GDP-Man: &alpha;-mannosyltransferase (mannosylglycerate synthase) (EC <a href='http://www.enzyme-database.org/query.php?ec=2.4.1.*' target='_link' class='nav5'>2.4.1.-</a>)
GT79	<a href="http://www.cazy.org/GlycosylTransferases.html" target="_cazy_cat_link">GlycosylTransferases</a> - <a href="http://www.cazy.org/GT79.html" target="_cazy_fam_link">GT79</a> - GDP-D-Ara: phosphoglycan &alpha;-1,2-D-arabinopyranosyltransferase 1 (EC <a href='http://www.enzyme-database.org/query.php?ec=2.4.2.*' target='_link' class='nav5'>2.4.2.-</a>)
GT80	<a href="http://www.cazy.org/GlycosylTransferases.html" target="_cazy_cat_link">GlycosylTransferases</a> - <a href="http://www.cazy.org/GT80.html" target="_cazy_fam_link">GT80</a> - &beta;-galactoside &alpha;-2,6-sialyltransferase (EC <a href='http://www.enzyme-database.org/query.php?ec=2.4.99.1' target='_link' class='nav5'>2.4.99.1</a>); &beta;-galactoside &alpha;-2,3-sialyltransferase (EC <a href='http://www.enzyme-database.org/query.php?ec=2.4.99.4' target='_link' class='nav5'>2.4.99.4</a>)
GT81	<a href="http://www.cazy.org/GlycosylTransferases.html" target="_cazy_cat_link">GlycosylTransferases</a> - <a href="http://www.cazy.org/GT81.html" target="_cazy_fam_link">GT81</a> - NDP-Glc: glucosyl-3-phosphoglycerate synthase (EC <a href='http://www.enzyme-database.org/query.php?ec=2.4.1.266' target='_link' class='nav5'>2.4.1.266</a>); NDP-Man: mannosyl-3-phosphoglycerate synthase (EC <a href='http://www.enzyme-database.org/query.php?ec=2.4.1.217' target='_link' class='nav5'>2.4.1.217</a>);
GT82	<a href="http://www.cazy.org/GlycosylTransferases.html" target="_cazy_cat_link">GlycosylTransferases</a> - <a href="http://www.cazy.org/GT82.html" target="_cazy_fam_link">GT82</a> - UDP-GalNAc: &beta;-1,4-N-acetylgalactosaminyltransferase (EC <a href='http://www.enzyme-database.org/query.php?ec=2.4.1.*' target='_link' class='nav5'>2.4.1.-</a>)
GT83	<a href="http://www.cazy.org/GlycosylTransferases.html" target="_cazy_cat_link">GlycosylTransferases</a> - <a href="http://www.cazy.org/GT83.html" target="_cazy_fam_link">GT83</a> - undecaprenyl phosphate-&alpha;-L-Ara4N: 4-amino-4-deoxy-&beta;-L-arabinosyltransferase (EC <a href='http://www.enzyme-database.org/query.php?ec=2.4.2.43' target='_link' class='nav5'>2.4.2.43</a>); dodecaprenyl phosphate-&beta;-galacturonic acid: lipopolysaccharide core &alpha;-galacturonosyl transferase (EC <a href='http://www.enzyme-database.org/query.php?ec=2.4.1.*' target='_link' class='nav5'>2.4.1.-</a>)
GT84	<a href="http://www.cazy.org/GlycosylTransferases.html" target="_cazy_cat_link">GlycosylTransferases</a> - <a href="http://www.cazy.org/GT84.html" target="_cazy_fam_link">GT84</a> - cyclic &beta;-1,2-glucan synthase (EC <a href='http://www.enzyme-database.org/query.php?ec=2.4.1.*' target='_link' class='nav5'>2.4.1.-</a>)
GT85	<a href="http://www.cazy.org/GlycosylTransferases.html" target="_cazy_cat_link">GlycosylTransferases</a> - <a href="http://www.cazy.org/GT85.html" target="_cazy_fam_link">GT85</a> - &beta;-D-arabinofuranosyl monophosphoryldecaprenol: galactan &alpha;-D-arabinofuranosyltransferase (EC <a href='http://www.enzyme-database.org/query.php?ec=2.4.2.*' target='_link' class='nav5'>2.4.2.-</a>)
GT87	<a href="http://www.cazy.org/GlycosylTransferases.html" target="_cazy_cat_link">GlycosylTransferases</a> - <a href="http://www.cazy.org/GT87.html" target="_cazy_fam_link">GT87</a> - polyprenol-P-Man: &alpha;-1,2-mannosyltransferase (EC <a href='http://www.enzyme-database.org/query.php?ec=2.4.1.*' target='_link' class='nav5'>2.4.1.-</a>) 
GT88	<a href="http://www.cazy.org/GlycosylTransferases.html" target="_cazy_cat_link">GlycosylTransferases</a> - <a href="http://www.cazy.org/GT88.html" target="_cazy_fam_link">GT88</a> - UDP-Glc: &alpha;-glucosyltransferase (EC <a href='http://www.enzyme-database.org/query.php?ec=2.4.1.*' target='_link' class='nav5'>2.4.1.-</a>)
GT89	<a href="http://www.cazy.org/GlycosylTransferases.html" target="_cazy_cat_link">GlycosylTransferases</a> - <a href="http://www.cazy.org/GT89.html" target="_cazy_fam_link">GT89</a> - &beta;-D-arabinofuranosyl-1-monophosphoryldecaprenol : arabinan &beta;-1,2-arabinofuranosyltransferase (EC <a href='http://www.enzyme-database.org/query.php?ec=2.4.2.*' target='_link' class='nav5'>2.4.2.-</a>)
GT90	<a href="http://www.cazy.org/GlycosylTransferases.html" target="_cazy_cat_link">GlycosylTransferases</a> - <a href="http://www.cazy.org/GT90.html" target="_cazy_fam_link">GT90</a> - UDP-Xyl: (mannosyl) glucuronoxylomannan/galactoxylomannan &beta;-1,2-xylosyltransferase (EC <a href='http://www.enzyme-database.org/query.php?ec=2.4.2.*' target='_link' class='nav5'>2.4.2.-</a>); UDP-Glc: protein O-&beta;-glucosyltransferase (EC <a href='http://www.enzyme-database.org/query.php?ec=2.4.1.*' target='_link' class='nav5'>2.4.1.-</a>); UDP-Xyl: protein O-&beta;-xylosyltransferase (EC <a href='http://www.enzyme-database.org/query.php?ec=2.4.2.*' target='_link' class='nav5'>2.4.2.-</a>)
GT91	<a href="http://www.cazy.org/GlycosylTransferases.html" target="_cazy_cat_link">GlycosylTransferases</a> - <a href="http://www.cazy.org/GT91.html" target="_cazy_fam_link">GT91</a> - &beta;-1,2-mannosyltransferase (EC <a href='http://www.enzyme-database.org/query.php?ec=2.4.1.*' target='_link' class='nav5'>2.4.1.-</a>)
GT92	<a href="http://www.cazy.org/GlycosylTransferases.html" target="_cazy_cat_link">GlycosylTransferases</a> - <a href="http://www.cazy.org/GT92.html" target="_cazy_fam_link">GT92</a> - UDP-Gal: N-glycan core &alpha;-1,6-fucoside &beta;-1,4-galactosyltransferase (EC <a href='http://www.enzyme-database.org/query.php?ec=2.4.1.*' target='_link' class='nav5'>2.4.1.-</a>); UDP-Gal: &beta;-galactoside &beta;-1,4-galactosyltransferase (EC <a href='http://www.enzyme-database.org/query.php?ec=2.4.1.*' target='_link' class='nav5'>2.4.1.-</a>)
GT93	<a href="http://www.cazy.org/GlycosylTransferases.html" target="_cazy_cat_link">GlycosylTransferases</a> - <a href="http://www.cazy.org/GT93.html" target="_cazy_fam_link">GT93</a> - UDP-GluA : &alpha;-glucuronyltransferase (EC <a href='http://www.enzyme-database.org/query.php?ec=2.4.1.*' target='_link' class='nav5'>2.4.1.-</a>) involved in GAG polymerization
GT94	<a href="http://www.cazy.org/GlycosylTransferases.html" target="_cazy_cat_link">GlycosylTransferases</a> - <a href="http://www.cazy.org/GT94.html" target="_cazy_fam_link">GT94</a> - GDP-Man: GlcA-&beta;-1,2-Man-&alpha;-1,3-Glc-&beta;-1,4-Glc-&alpha;-1-PP-undecaprenol &beta;-1,4-mannosyltransferase (<a href='http://www.enzyme-database.org/query.php?ec=2.4.1.251' target='_link' class='nav5'>2.4.1.251</a>)
GT95	<a href="http://www.cazy.org/GlycosylTransferases.html" target="_cazy_cat_link">GlycosylTransferases</a> - <a href="http://www.cazy.org/GT95.html" target="_cazy_fam_link">GT95</a> - UDP-&beta;-L-Araf:hydroxyproline &beta;-L-arabinofuranosyltransferase (EC <a href='http://www.enzyme-database.org/query.php?ec=2.4.2.*' target='_link' class='nav5'>2.4.2.-</a>);
GT96	<a href="http://www.cazy.org/GlycosylTransferases.html" target="_cazy_cat_link">GlycosylTransferases</a> - <a href="http://www.cazy.org/GT96.html" target="_cazy_fam_link">GT96</a> - UDP-Gal: peptidyl serine &alpha;-galactosyltransferase (EC <a href='http://www.enzyme-database.org/query.php?ec=2.4.1.*' target='_link' class='nav5'>2.4.1.-</a>)
GT97	<a href="http://www.cazy.org/GlycosylTransferases.html" target="_cazy_cat_link">GlycosylTransferases</a> - <a href="http://www.cazy.org/GT97.html" target="_cazy_fam_link">GT97</a> - CMP-Neu5Ac:&alpha;-galactoside &alpha;-2,6-sialyltransferase (EC <a href='http://www.enzyme-database.org/query.php?ec=2.4.99.*' target='_link' class='nav5'>2.4.99.-</a>); CMP-Neu5Ac:&alpha;-glucoside &alpha;-2,6-sialyltransferase (EC <a href='http://www.enzyme-database.org/query.php?ec=2.4.99.*' target='_link' class='nav5'>2.4.99.-</a>);
GT98	<a href="http://www.cazy.org/GlycosylTransferases.html" target="_cazy_cat_link">GlycosylTransferases</a> - <a href="http://www.cazy.org/GT98.html" target="_cazy_fam_link">GT98</a> - Dol-P-Man : protein [tryptophan] &alpha;-C-mannosyltransferase (EC <a href='http://www.enzyme-database.org/query.php?ec=2.4.1.*' target='_link' class='nav5'>2.4.1.-</a>)
GT99	<a href="http://www.cazy.org/GlycosylTransferases.html" target="_cazy_cat_link">GlycosylTransferases</a> - <a href="http://www.cazy.org/GT99.html" target="_cazy_fam_link">GT99</a> - CMP-&beta;-KDO 3-deoxy-&beta;-D-manno-oct-2-ulosonic acid transferase (EC <a href='http://www.enzyme-database.org/query.php?ec=2.4.99.*' target='_link' class='nav5'>2.4.99.-</a>)
GT100	<a href="http://www.cazy.org/GlycosylTransferases.html" target="_cazy_cat_link">GlycosylTransferases</a> - <a href="http://www.cazy.org/GT100.html" target="_cazy_fam_link">GT100</a> - &alpha;-sialyltransferase (EC <a href='http://www.enzyme-database.org/query.php?ec=2.4.99.*' target='_link' class='nav5'>2.4.99.-</a>)
GT101	<a href="http://www.cazy.org/GlycosylTransferases.html" target="_cazy_cat_link">GlycosylTransferases</a> - <a href="http://www.cazy.org/GT101.html" target="_cazy_fam_link">GT101</a> - &beta;-glucosyltransferase (EC <a href='http://www.enzyme-database.org/query.php?ec=2.4.1.*' target='_link' class='nav5'>2.4.1.-</a>)
GT102	<a href="http://www.cazy.org/GlycosylTransferases.html" target="_cazy_cat_link">GlycosylTransferases</a> - <a href="http://www.cazy.org/GT102.html" target="_cazy_fam_link">GT102</a> - dTDP-&beta;-L-Rhap : O-antigen-polysaccharide &alpha;-1,3-L-rhamnosyltransferase (EC <a href='http://www.enzyme-database.org/query.php?ec=2.4.1.289' target='_link' class='nav5'>2.4.1.289</a>)
GT103	<a href="http://www.cazy.org/GlycosylTransferases.html" target="_cazy_cat_link">GlycosylTransferases</a> - <a href="http://www.cazy.org/GT103.html" target="_cazy_fam_link">GT103</a> - UDP-&alpha;-L-GlcpNAc: O-antigen-polysaccharide &beta;-1,4-N-acetylglucosaminyltransferase (EC <a href='http://www.enzyme-database.org/query.php?ec=2.4.1.56' target='_link' class='nav5'>2.4.1.56</a>)
GT104	<a href="http://www.cazy.org/GlycosylTransferases.html" target="_cazy_cat_link">GlycosylTransferases</a> - <a href="http://www.cazy.org/GT104.html" target="_cazy_fam_link">GT104</a> - dTDP-&beta;-L-Rhap : arginine &alpha;-L-rhamnosyltransferase (EC <a href='http://www.enzyme-database.org/query.php?ec=2.4.1.*' target='_link' class='nav5'>2.4.1.-</a>)
GT105	<a href="http://www.cazy.org/GlycosylTransferases.html" target="_cazy_cat_link">GlycosylTransferases</a> - <a href="http://www.cazy.org/GT105.html" target="_cazy_fam_link">GT105</a> - Dol-P-&beta;-D-Man: protein &alpha;-D-mannosyltransferase (EC <a href='http://www.enzyme-database.org/query.php?ec=2.4.1.109' target='_link' class='nav5'>2.4.1.109</a>);
GT106	<a href="http://www.cazy.org/GlycosylTransferases.html" target="_cazy_cat_link">GlycosylTransferases</a> - <a href="http://www.cazy.org/GT106.html" target="_cazy_fam_link">GT106</a> - UDP-&beta;-L-rhamnose:rhamnogalacturonan I 4-&alpha;-rhamnosyltransferase (EC <a href='http://www.enzyme-database.org/query.php?ec=2.4.1.351' target='_link' class='nav5'>2.4.1.351</a>)
GT107	<a href="http://www.cazy.org/GlycosylTransferases.html" target="_cazy_cat_link">GlycosylTransferases</a> - <a href="http://www.cazy.org/GT107.html" target="_cazy_fam_link">GT107</a> - CMP-&beta;-KDO: &beta;-2,4-KDO transferase (EC <a href='http://www.enzyme-database.org/query.php?ec=2.4.99.*' target='_link' class='nav5'>2.4.99.-</a>); CMP-&beta;-KDO: &beta;-2,7-KDO transferase (EC <a href='http://www.enzyme-database.org/query.php?ec=2.4.99.*' target='_link' class='nav5'>2.4.99.-</a>)
GT108	<a href="http://www.cazy.org/GlycosylTransferases.html" target="_cazy_cat_link">GlycosylTransferases</a> - <a href="http://www.cazy.org/GT108.html" target="_cazy_fam_link">GT108</a> - GDP-&alpha;-D-Manp: &beta;-1,2-D-mannosyltransferase (EC <a href='http://www.enzyme-database.org/query.php?ec=2.4.1.374' target='_link' class='nav5'>2.4.1.374</a>)
GT109	<a href="http://www.cazy.org/GlycosylTransferases.html" target="_cazy_cat_link">GlycosylTransferases</a> - <a href="http://www.cazy.org/GT109.html" target="_cazy_fam_link">GT109</a> - UDP-GalNAc: &beta;-1,4-N-acetylgalactosaminyltransferase (EC <a href='http://www.enzyme-database.org/query.php?ec=2.4.1.*' target='_link' class='nav5'>2.4.1.-</a>)
GT110	<a href="http://www.cazy.org/GlycosylTransferases.html" target="_cazy_cat_link">GlycosylTransferases</a> - <a href="http://www.cazy.org/GT110.html" target="_cazy_fam_link">GT110</a> - UDP-D-xylose:ribitol-5-phosphate &beta;-1,4-xylosyltransferase (EC <a href='http://www.enzyme-database.org/query.php?ec=2.4.2.*' target='_link' class='nav5'>2.4.2.-</a>)
GT111	<a href="http://www.cazy.org/GlycosylTransferases.html" target="_cazy_cat_link">GlycosylTransferases</a> - <a href="http://www.cazy.org/GT111.html" target="_cazy_fam_link">GT111</a> - UDP-Galf: &beta;-1,3-galactofuranosyltransferase (EC <a href='http://www.enzyme-database.org/query.php?ec=2.4.1.*' target='_link' class='nav5'>2.4.1.-</a>)
GT112	<a href="http://www.cazy.org/GlycosylTransferases.html" target="_cazy_cat_link">GlycosylTransferases</a> - <a href="http://www.cazy.org/GT112.html" target="_cazy_fam_link">GT112</a> - ADP-glyceromannoheptose: glycoprotein O-heptosyltransferase (EC <a href='http://www.enzyme-database.org/query.php?ec=2.4.99.*' target='_link' class='nav5'>2.4.99.-</a>)
GT113	<a href="http://www.cazy.org/GlycosylTransferases.html" target="_cazy_cat_link">GlycosylTransferases</a> - <a href="http://www.cazy.org/GT113.html" target="_cazy_fam_link">GT113</a> - Glucosyltransferase (<a href='http://www.enzyme-database.org/query.php?ec=2.4.1.*' target='_link' class='nav5'>2.4.1.-</a>); Hexosyltransferase (<a href='http://www.enzyme-database.org/query.php?ec=2.4.1.*' target='_link' class='nav5'>2.4.1.-</a>)
GT114	<a href="http://www.cazy.org/GlycosylTransferases.html" target="_cazy_cat_link">GlycosylTransferases</a> - <a href="http://www.cazy.org/GT114.html" target="_cazy_fam_link">GT114</a> - &beta;-xylosyltransferase (EC <a href='http://www.enzyme-database.org/query.php?ec=2.4.1.*' target='_link' class='nav5'>2.4.1.-</a>)
