AA1	<a href="http://www.cazy.org/Auxiliary-Activities.html" target="_cazy_cat_link">Auxiliary Activities</a> - <a href="http://www.cazy.org/AA1.html" target="_cazy_fam_link">AA1</a> - Laccase / p-diphenol:oxygen oxidoreductase / ferroxidase (EC <a href='http://www.enzyme-database.org/query.php?ec=1.10.3.2' target='_link' class='nav5'>1.10.3.2</a>); ; ferroxidase (EC <a href='http://www.enzyme-database.org/query.php?ec=1.10.3.*' target='_link' class='nav5'>1.10.3.-</a>); Laccase-like multicopper oxidase (EC <a href='http://www.enzyme-database.org/query.php?ec=1.10.3.*' target='_link' class='nav5'>1.10.3.-</a>)
AA1_1	<a href="http://www.cazy.org/Auxiliary-Activities.html" target="_cazy_cat_link">Auxiliary Activities</a> - <a href="http://www.cazy.org/AA1_1.html" target="_cazy_fam_link">AA1_1</a> - Laccase / p-diphenol:oxygen oxidoreductase / ferroxidase (EC <a href='http://www.enzyme-database.org/query.php?ec=1.10.3.2' target='_link' class='nav5'>1.10.3.2</a>); ; ferroxidase (EC <a href='http://www.enzyme-database.org/query.php?ec=1.10.3.*' target='_link' class='nav5'>1.10.3.-</a>); Laccase-like multicopper oxidase (EC <a href='http://www.enzyme-database.org/query.php?ec=1.10.3.*' target='_link' class='nav5'>1.10.3.-</a>)
AA1_2	<a href="http://www.cazy.org/Auxiliary-Activities.html" target="_cazy_cat_link">Auxiliary Activities</a> - <a href="http://www.cazy.org/AA1_2.html" target="_cazy_fam_link">AA1_2</a> - Laccase / p-diphenol:oxygen oxidoreductase / ferroxidase (EC <a href='http://www.enzyme-database.org/query.php?ec=1.10.3.2' target='_link' class='nav5'>1.10.3.2</a>); ; ferroxidase (EC <a href='http://www.enzyme-database.org/query.php?ec=1.10.3.*' target='_link' class='nav5'>1.10.3.-</a>); Laccase-like multicopper oxidase (EC <a href='http://www.enzyme-database.org/query.php?ec=1.10.3.*' target='_link' class='nav5'>1.10.3.-</a>)
AA1_3	<a href="http://www.cazy.org/Auxiliary-Activities.html" target="_cazy_cat_link">Auxiliary Activities</a> - <a href="http://www.cazy.org/AA1_3.html" target="_cazy_fam_link">AA1_3</a> - Laccase / p-diphenol:oxygen oxidoreductase / ferroxidase (EC <a href='http://www.enzyme-database.org/query.php?ec=1.10.3.2' target='_link' class='nav5'>1.10.3.2</a>); ; ferroxidase (EC <a href='http://www.enzyme-database.org/query.php?ec=1.10.3.*' target='_link' class='nav5'>1.10.3.-</a>); Laccase-like multicopper oxidase (EC <a href='http://www.enzyme-database.org/query.php?ec=1.10.3.*' target='_link' class='nav5'>1.10.3.-</a>)
AA2	<a href="http://www.cazy.org/Auxiliary-Activities.html" target="_cazy_cat_link">Auxiliary Activities</a> - <a href="http://www.cazy.org/AA2.html" target="_cazy_fam_link">AA2</a> - manganese peroxidase (EC <a href='http://www.enzyme-database.org/query.php?ec=1.11.1.13' target='_link' class='nav5'>1.11.1.13</a>); versatile peroxidase (EC <a href='http://www.enzyme-database.org/query.php?ec=1.11.1.16' target='_link' class='nav5'>1.11.1.16</a>); lignin peroxidase (EC <a href='http://www.enzyme-database.org/query.php?ec=1.11.1.14' target='_link' class='nav5'>1.11.1.14</a>); peroxidase (EC <a href='http://www.enzyme-database.org/query.php?ec=1.11.1.*' target='_link' class='nav5'>1.11.1.-</a>); cytochrome-c peroxidase (EC <a href='http://www.enzyme-database.org/query.php?ec=1.11.1.5' target='_link' class='nav5'>1.11.1.5</a>); ascorbate peroxidase (EC <a href='http://www.enzyme-database.org/query.php?ec=1.11.1.11' target='_link' class='nav5'>1.11.1.11</a>)
AA3	<a href="http://www.cazy.org/Auxiliary-Activities.html" target="_cazy_cat_link">Auxiliary Activities</a> - <a href="http://www.cazy.org/AA3.html" target="_cazy_fam_link">AA3</a> - cellobiose dehydrogenase (EC <a href='http://www.enzyme-database.org/query.php?ec=1.1.99.18' target='_link' class='nav5'>1.1.99.18</a>); glucose 1-oxidase (EC <a href='http://www.enzyme-database.org/query.php?ec=1.1.3.4' target='_link' class='nav5'>1.1.3.4</a>); aryl alcohol oxidase (EC <a href='http://www.enzyme-database.org/query.php?ec=1.1.3.7' target='_link' class='nav5'>1.1.3.7</a>); alcohol oxidase (EC <a href='http://www.enzyme-database.org/query.php?ec=1.1.3.13' target='_link' class='nav5'>1.1.3.13</a>); pyranose oxidase (EC <a href='http://www.enzyme-database.org/query.php?ec=1.1.3.10' target='_link' class='nav5'>1.1.3.10</a>)
AA3_1	<a href="http://www.cazy.org/Auxiliary-Activities.html" target="_cazy_cat_link">Auxiliary Activities</a> - <a href="http://www.cazy.org/AA3_1.html" target="_cazy_fam_link">AA3_1</a> - cellobiose dehydrogenase (EC <a href='http://www.enzyme-database.org/query.php?ec=1.1.99.18' target='_link' class='nav5'>1.1.99.18</a>); glucose 1-oxidase (EC <a href='http://www.enzyme-database.org/query.php?ec=1.1.3.4' target='_link' class='nav5'>1.1.3.4</a>); aryl alcohol oxidase (EC <a href='http://www.enzyme-database.org/query.php?ec=1.1.3.7' target='_link' class='nav5'>1.1.3.7</a>); alcohol oxidase (EC <a href='http://www.enzyme-database.org/query.php?ec=1.1.3.13' target='_link' class='nav5'>1.1.3.13</a>); pyranose oxidase (EC <a href='http://www.enzyme-database.org/query.php?ec=1.1.3.10' target='_link' class='nav5'>1.1.3.10</a>)
AA3_2	<a href="http://www.cazy.org/Auxiliary-Activities.html" target="_cazy_cat_link">Auxiliary Activities</a> - <a href="http://www.cazy.org/AA3_2.html" target="_cazy_fam_link">AA3_2</a> - cellobiose dehydrogenase (EC <a href='http://www.enzyme-database.org/query.php?ec=1.1.99.18' target='_link' class='nav5'>1.1.99.18</a>); glucose 1-oxidase (EC <a href='http://www.enzyme-database.org/query.php?ec=1.1.3.4' target='_link' class='nav5'>1.1.3.4</a>); aryl alcohol oxidase (EC <a href='http://www.enzyme-database.org/query.php?ec=1.1.3.7' target='_link' class='nav5'>1.1.3.7</a>); alcohol oxidase (EC <a href='http://www.enzyme-database.org/query.php?ec=1.1.3.13' target='_link' class='nav5'>1.1.3.13</a>); pyranose oxidase (EC <a href='http://www.enzyme-database.org/query.php?ec=1.1.3.10' target='_link' class='nav5'>1.1.3.10</a>)
AA3_3	<a href="http://www.cazy.org/Auxiliary-Activities.html" target="_cazy_cat_link">Auxiliary Activities</a> - <a href="http://www.cazy.org/AA3_3.html" target="_cazy_fam_link">AA3_3</a> - cellobiose dehydrogenase (EC <a href='http://www.enzyme-database.org/query.php?ec=1.1.99.18' target='_link' class='nav5'>1.1.99.18</a>); glucose 1-oxidase (EC <a href='http://www.enzyme-database.org/query.php?ec=1.1.3.4' target='_link' class='nav5'>1.1.3.4</a>); aryl alcohol oxidase (EC <a href='http://www.enzyme-database.org/query.php?ec=1.1.3.7' target='_link' class='nav5'>1.1.3.7</a>); alcohol oxidase (EC <a href='http://www.enzyme-database.org/query.php?ec=1.1.3.13' target='_link' class='nav5'>1.1.3.13</a>); pyranose oxidase (EC <a href='http://www.enzyme-database.org/query.php?ec=1.1.3.10' target='_link' class='nav5'>1.1.3.10</a>)
AA3_4	<a href="http://www.cazy.org/Auxiliary-Activities.html" target="_cazy_cat_link">Auxiliary Activities</a> - <a href="http://www.cazy.org/AA3_4.html" target="_cazy_fam_link">AA3_4</a> - cellobiose dehydrogenase (EC <a href='http://www.enzyme-database.org/query.php?ec=1.1.99.18' target='_link' class='nav5'>1.1.99.18</a>); glucose 1-oxidase (EC <a href='http://www.enzyme-database.org/query.php?ec=1.1.3.4' target='_link' class='nav5'>1.1.3.4</a>); aryl alcohol oxidase (EC <a href='http://www.enzyme-database.org/query.php?ec=1.1.3.7' target='_link' class='nav5'>1.1.3.7</a>); alcohol oxidase (EC <a href='http://www.enzyme-database.org/query.php?ec=1.1.3.13' target='_link' class='nav5'>1.1.3.13</a>); pyranose oxidase (EC <a href='http://www.enzyme-database.org/query.php?ec=1.1.3.10' target='_link' class='nav5'>1.1.3.10</a>)
AA4	<a href="http://www.cazy.org/Auxiliary-Activities.html" target="_cazy_cat_link">Auxiliary Activities</a> - <a href="http://www.cazy.org/AA4.html" target="_cazy_fam_link">AA4</a> - vanillyl-alcohol oxidase (EC <a href='http://www.enzyme-database.org/query.php?ec=1.1.3.38' target='_link' class='nav5'>1.1.3.38</a>)
AA5	<a href="http://www.cazy.org/Auxiliary-Activities.html" target="_cazy_cat_link">Auxiliary Activities</a> - <a href="http://www.cazy.org/AA5.html" target="_cazy_fam_link">AA5</a> - Oxidase with oxygen as acceptor (EC <a href='http://www.enzyme-database.org/query.php?ec=1.1.3.*' target='_link' class='nav5'>1.1.3.-</a>); galactose oxidase (EC <a href='http://www.enzyme-database.org/query.php?ec=1.1.3.9' target='_link' class='nav5'>1.1.3.9</a>); glyoxal oxidase (EC <a href='http://www.enzyme-database.org/query.php?ec=1.2.3.15' target='_link' class='nav5'>1.2.3.15</a>); alcohol oxidase (EC <a href='http://www.enzyme-database.org/query.php?ec=1.1.3.13' target='_link' class='nav5'>1.1.3.13</a>); raffinose oxidase (EC <a href='http://www.enzyme-database.org/query.php?ec=1.1.3.*' target='_link' class='nav5'>1.1.3.-</a>)
AA5_1	<a href="http://www.cazy.org/Auxiliary-Activities.html" target="_cazy_cat_link">Auxiliary Activities</a> - <a href="http://www.cazy.org/AA5_1.html" target="_cazy_fam_link">AA5_1</a> - Oxidase with oxygen as acceptor (EC <a href='http://www.enzyme-database.org/query.php?ec=1.1.3.*' target='_link' class='nav5'>1.1.3.-</a>); galactose oxidase (EC <a href='http://www.enzyme-database.org/query.php?ec=1.1.3.9' target='_link' class='nav5'>1.1.3.9</a>); glyoxal oxidase (EC <a href='http://www.enzyme-database.org/query.php?ec=1.2.3.15' target='_link' class='nav5'>1.2.3.15</a>); alcohol oxidase (EC <a href='http://www.enzyme-database.org/query.php?ec=1.1.3.13' target='_link' class='nav5'>1.1.3.13</a>); raffinose oxidase (EC <a href='http://www.enzyme-database.org/query.php?ec=1.1.3.*' target='_link' class='nav5'>1.1.3.-</a>)
AA5_2	<a href="http://www.cazy.org/Auxiliary-Activities.html" target="_cazy_cat_link">Auxiliary Activities</a> - <a href="http://www.cazy.org/AA5_2.html" target="_cazy_fam_link">AA5_2</a> - Oxidase with oxygen as acceptor (EC <a href='http://www.enzyme-database.org/query.php?ec=1.1.3.*' target='_link' class='nav5'>1.1.3.-</a>); galactose oxidase (EC <a href='http://www.enzyme-database.org/query.php?ec=1.1.3.9' target='_link' class='nav5'>1.1.3.9</a>); glyoxal oxidase (EC <a href='http://www.enzyme-database.org/query.php?ec=1.2.3.15' target='_link' class='nav5'>1.2.3.15</a>); alcohol oxidase (EC <a href='http://www.enzyme-database.org/query.php?ec=1.1.3.13' target='_link' class='nav5'>1.1.3.13</a>); raffinose oxidase (EC <a href='http://www.enzyme-database.org/query.php?ec=1.1.3.*' target='_link' class='nav5'>1.1.3.-</a>)
AA6	<a href="http://www.cazy.org/Auxiliary-Activities.html" target="_cazy_cat_link">Auxiliary Activities</a> - <a href="http://www.cazy.org/AA6.html" target="_cazy_fam_link">AA6</a> - 1,4-benzoquinone reductase (EC. <a href='http://www.enzyme-database.org/query.php?ec=1.6.5.6' target='_link' class='nav5'>1.6.5.6</a>)
AA7	<a href="http://www.cazy.org/Auxiliary-Activities.html" target="_cazy_cat_link">Auxiliary Activities</a> - <a href="http://www.cazy.org/AA7.html" target="_cazy_fam_link">AA7</a> - glucooligosaccharide oxidase (EC <a href='http://www.enzyme-database.org/query.php?ec=1.1.3.*' target='_link' class='nav5'>1.1.3.-</a>); chitooligosaccharide oxidase (EC <a href='http://www.enzyme-database.org/query.php?ec=1.1.3.*' target='_link' class='nav5'>1.1.3.-</a>)
AA8	<a href="http://www.cazy.org/Auxiliary-Activities.html" target="_cazy_cat_link">Auxiliary Activities</a> - <a href="http://www.cazy.org/AA8.html" target="_cazy_fam_link">AA8</a> - Iron reductase domain
AA9	<a href="http://www.cazy.org/Auxiliary-Activities.html" target="_cazy_cat_link">Auxiliary Activities</a> - <a href="http://www.cazy.org/AA9.html" target="_cazy_fam_link">AA9</a> - AA9 (formerly GH61) proteins are copper-dependent lytic polysaccharide monooxygenases (LPMOs); cleavage of cellulose chains with oxidation of carbons C1 and/or C4 and C-6); lytic cellulose monooxygenase (C1-hydroxylating) (EC <a href='http://www.enzyme-database.org/query.php?ec=1.14.99.54' target='_link' class='nav5'>1.14.99.54</a>); lytic cellulose monooxygenase (C4-dehydrogenating) (EC <a href='http://www.enzyme-database.org/query.php?ec=1.14.99.56' target='_link' class='nav5'>1.14.99.56</a>)
AA10	<a href="http://www.cazy.org/Auxiliary-Activities.html" target="_cazy_cat_link">Auxiliary Activities</a> - <a href="http://www.cazy.org/AA10.html" target="_cazy_fam_link">AA10</a> - AA10 (formerly CBM33) proteins are copper-dependent lytic polysaccharide monooxygenases (LPMOs); some proteins have been shown to act on chitin, others on cellulose; lytic cellulose monooxygenase (C1-hydroxylating) (EC <a href='http://www.enzyme-database.org/query.php?ec=1.14.99.54' target='_link' class='nav5'>1.14.99.54</a>); lytic cellulose monooxygenase (C4-dehydrogenating)(EC <a href='http://www.enzyme-database.org/query.php?ec=1.14.99.56' target='_link' class='nav5'>1.14.99.56</a>); lytic chitin monooxygenase (EC <a href='http://www.enzyme-database.org/query.php?ec=1.14.99.53' target='_link' class='nav5'>1.14.99.53</a>); lytic xylan monooxygenase / xylan oxidase (glycosidic bond-cleaving) (EC <a href='http://www.enzyme-database.org/query.php?ec=1.14.99.*' target='_link' class='nav5'>1.14.99.-</a>)
AA11	<a href="http://www.cazy.org/Auxiliary-Activities.html" target="_cazy_cat_link">Auxiliary Activities</a> - <a href="http://www.cazy.org/AA11.html" target="_cazy_fam_link">AA11</a> - AA11 proteins are copper-dependent lytic polysaccharide monooxygenases (LPMOs); cleavage of chitin chains with oxidation of C-1 has been demonstrated for a AA11 LPMO from Aspergillus oryzae;
AA12	<a href="http://www.cazy.org/Auxiliary-Activities.html" target="_cazy_cat_link">Auxiliary Activities</a> - <a href="http://www.cazy.org/AA12.html" target="_cazy_fam_link">AA12</a> - The pyrroloquinoline quinone-dependent oxidoreductase activity was demonstrated for the CC1G_09525 protein of Coprinopsis cinerea. 
AA13	<a href="http://www.cazy.org/Auxiliary-Activities.html" target="_cazy_cat_link">Auxiliary Activities</a> - <a href="http://www.cazy.org/AA13.html" target="_cazy_fam_link">AA13</a> - AA13 proteins are copper-dependent lytic polysaccharide monooxygenases (LPMOs); cleavage of starch with oxidation of C-1 at the site of cleavage has been demonstrated for the LPMO encoded by gene NCU08746 from Neurospora crassa;; lytic starch monooxygenase / starch oxidase (glycosidic bond-cleaving) (EC <a href='http://www.enzyme-database.org/query.php?ec=1.14.99.55' target='_link' class='nav5'>1.14.99.55</a>)
AA14	<a href="http://www.cazy.org/Auxiliary-Activities.html" target="_cazy_cat_link">Auxiliary Activities</a> - <a href="http://www.cazy.org/AA14.html" target="_cazy_fam_link">AA14</a> - AA14 proteins are copper-dependent lytic polysaccharide monooxygenases (LPMOs); cleavage of xylan with oxidation of C-1 has been demonstrated for two AA14 LPMOs from Trametes coccinea (Pycnoporus coccineus); lytic xylan monooxygenase / xylan oxidase (glycosidic bond-cleaving) (EC <a href='http://www.enzyme-database.org/query.php?ec=1.14.99.*' target='_link' class='nav5'>1.14.99.-</a>)
AA15	<a href="http://www.cazy.org/Auxiliary-Activities.html" target="_cazy_cat_link">Auxiliary Activities</a> - <a href="http://www.cazy.org/AA15.html" target="_cazy_fam_link">AA15</a> - lytic cellulose monooxygenase (C1-hydroxylating) (EC <a href='http://www.enzyme-database.org/query.php?ec=1.14.99.54' target='_link' class='nav5'>1.14.99.54</a>); lytic chitin monooxygenase (EC <a href='http://www.enzyme-database.org/query.php?ec=1.14.99.53' target='_link' class='nav5'>1.14.99.53</a>)
AA16	<a href="http://www.cazy.org/Auxiliary-Activities.html" target="_cazy_cat_link">Auxiliary Activities</a> - <a href="http://www.cazy.org/AA16.html" target="_cazy_fam_link">AA16</a> - Lytic cellulose monooxygenase (C1-hydroxylating) (EC <a href='http://www.enzyme-database.org/query.php?ec=1.14.99.54' target='_link' class='nav5'>1.14.99.54</a>)
