PF00368	PF00368.19	HMG-CoA_red	PFAM_PF00368.13	HMG-CoA_red	Hydroxymethylglutaryl-coenzyme A reductase	373	77.51	83.01
PF00380	PF00380.20	Ribosomal_S9	PFAM_PF00380.14	Ribosomal_S9	Ribosomal protein S9/S16	121	94.09	94.84
PF00410	PF00410.20	Ribosomal_S8	PFAM_PF00410.14	Ribosomal_S8	Ribosomal protein S8	129	92.23	92.92
PF00466	PF00466.21	Ribosomal_L10	PFAM_PF00466.15	Ribosomal_L10	Ribosomal protein L10	100	91.07	91.55
PF00687	PF00687.22	Ribosomal_L1	PFAM_PF00687.16	Ribosomal_L1	Ribosomal protein L1p/L10e family	220	89.59	91.21
PF00827	PF00827.18	Ribosomal_L15e	PFAM_PF00827.12	Ribosomal_L15e	Ribosomal L15	192	87.92	90.25
PF00900	PF00900.21	Ribosomal_S4e	PFAM_PF00900.15	Ribosomal_S4e	Ribosomal family S4e	77	89.65	90.07
PF01000	PF01000.27	RNA_pol_A_bac	PFAM_PF01000.21	RNA_pol_A_bac	RNA polymerase Rpb3/RpoA insert domain	112	92.46	93.54
PF01015	PF01015.19	Ribosomal_S3Ae	PFAM_PF01015.13	Ribosomal_S3Ae	Ribosomal S3Ae family	195	88.58	90.01
PF01025	PF01025.20	GrpE	PFAM_PF01025.14	GrpE	GrpE	166	88.17	96.05
PF01090	PF01090.20	Ribosomal_S19e	PFAM_PF01090.14	Ribosomal_S19e	Ribosomal protein S19e	140	90.01	91.39
PF01092	PF01092.20	Ribosomal_S6e	PFAM_PF01092.14	Ribosomal_S6e	Ribosomal protein S6e	127	90.91	91.51
PF01157	PF01157.19	Ribosomal_L21e	PFAM_PF01157.13	Ribosomal_L21e	Ribosomal protein L21e	99	92.52	92.82
PF01191	PF01191.20	RNA_pol_Rpb5_C	PFAM_PF01191.14	RNA_pol_Rpb5_C	RNA polymerase Rpb5, C-terminal domain	74	86.24	88.10
PF01194	PF01194.18	RNA_pol_N	PFAM_PF01194.12	RNA_pol_N	RNA polymerases N / 8 kDa subunit	60	88.04	88.58
PF01198	PF01198.20	Ribosomal_L31e	PFAM_PF01198.14	Ribosomal_L31e	Ribosomal protein L31e	83	90.13	90.67
PF01200	PF01200.19	Ribosomal_S28e	PFAM_PF01200.13	Ribosomal_S28e	Ribosomal protein S28e	69	90.55	91.21
PF01269	PF01269.18	Fibrillarin	PFAM_PF01269.12	Fibrillarin	Fibrillarin	229	85.23	87.38
PF01280	PF01280.21	Ribosomal_L19e	PFAM_PF01280.15	Ribosomal_L19e	Ribosomal protein L19e	148	89.35	90.73
PF01282	PF01282.20	Ribosomal_S24e	PFAM_PF01282.14	Ribosomal_S24e	Ribosomal protein S24e	84	85.83	86.48
PF01496	PF01496.20	V_ATPase_I	PFAM_PF01496.14	V_ATPase_I	V-type ATPase 116kDa subunit family	759	56.10	83.13
PF01655	PF01655.19	Ribosomal_L32e	PFAM_PF01655.13	Ribosomal_L32e	Ribosomal protein L32	110	89.59	90.67
PF01798	PF01798.19	Nop	PFAM_PF01798.13	Nop	Putative snoRNA binding domain	150	86.66	87.32
PF01864	PF01864.18	CarS-like	PFAM_PF01864.12	CarS-like	Putative integral membrane protein DUF46	175	77.63	79.67
PF01866	PF01866.18	Diphthamide_syn	PFAM_PF01866.12	Diphthamide_syn	Putative diphthamide synthesis protein	307	80.98	89.95
PF01868	PF01868.17	UPF0086	PFAM_PF01868.11	UPF0086	Domain of unknown function UPF0086	89	84.09	85.05
PF01984	PF01984.21	dsDNA_bind	PFAM_PF01984.15	dsDNA_bind	Double-stranded DNA-binding domain	107	77.75	80.56
PF01990	PF01990.18	ATP-synt_F	PFAM_PF01990.12	ATP-synt_F	ATP synthase (F/14-kDa) subunit	95	75.84	81.16
PF02006	PF02006.17	PPS_PS	PFAM_PF02006.11	PPS_PS	Protein of unknown function DUF137	178	71.77	73.39
PF02576	PF02576.18	DUF150	PFAM_PF02576.12	DUF150	Uncharacterised BCR, YhbC family COG0779	141	83.10	83.57
PF02978	PF02978.20	SRP_SPB	PFAM_PF02978.14	SRP_SPB	Signal peptide binding domain	104	90.01	90.61
PF03726	PF03726.15	PNPase	PFAM_PF03726.9	PNPase	Polyribonucleotide nucleotidyltransferase, RNA binding domain	83	89.77	90.14
PF03874	PF03874.17	RNA_pol_Rpb4	PFAM_PF03874.11	RNA_pol_Rpb4	RNA polymerase Rpb4	117	86.12	86.42
PF04019	PF04019.13	DUF359	PFAM_PF04019.7	DUF359	Protein of unknown function (DUF359)	121	81.22	81.58
PF04104	PF04104.15	DNA_primase_lrg	PFAM_PF04104.9	DNA_primase_lrg	Eukaryotic and archaeal DNA primase, large subunit	260	83.19	86.06
PF04919	PF04919.13	DUF655	PFAM_PF04919.7	DUF655	Protein of unknown function (DUF655)	181	91.63	92.94
PF07541	PF07541.13	EIF_2_alpha	PFAM_PF07541.7	EIF_2_alpha	Eukaryotic translation initiation factor 2 alpha subunit	114	91.03	91.87
PF13656	PF13656.7	RNA_pol_L_2	PFAM_PF13656.1	RNA_pol_L_2	RNA polymerase Rpb3/Rpb11 dimerisation domain	77	89.83	90.73
PF13685	PF13685.7	Fe-ADH_2	PFAM_PF13685.1	Fe-ADH_2	Iron-containing alcohol dehydrogenase	250	66.63	69.32
TIGR00006	TIGR00006	TIGR00006	TIGR_TIGR00006	rsmH	16S rRNA (cytosine(1402)-N(4))-methyltransferase	310	93.30	96.47
TIGR00019	TIGR00019	TIGR00019	TIGR_TIGR00019	prfA	peptide chain release factor 1	361	93.39	93.69
TIGR00020	TIGR00020	TIGR00020	TIGR_TIGR00020	prfB	peptide chain release factor 2	365	91.78	92.09
TIGR00021	TIGR00021	TIGR00021	TIGR_TIGR00021	rpiA	ribose 5-phosphate isomerase A	218	78.41	80.74
TIGR00029	TIGR00029	TIGR00029	TIGR_TIGR00029	S20	ribosomal protein bS20	87	93.34	93.74
TIGR00037	TIGR00037	TIGR00037	TIGR_TIGR00037	eIF_5A	translation elongation factor IF5A	130	89.71	90.25
TIGR00042	TIGR00042	TIGR00042	TIGR_TIGR00042	rdgB	non-canonical purine NTP pyrophosphatase, RdgB/HAM1 family	184	84.93	86.66
TIGR00043	TIGR00043	TIGR00043	TIGR_TIGR00043	ybeY	rRNA maturation RNase YbeY	111	93.38	93.86
TIGR00054	TIGR00054	TIGR00054	TIGR_TIGR00054	rseP	RIP metalloprotease RseP	421	91.62	94.81
TIGR00059	TIGR00059	TIGR00059	TIGR_TIGR00059	L17	ribosomal protein bL17	112	93.92	94.41
TIGR00061	TIGR00061	TIGR00061	TIGR_TIGR00061	L21	ribosomal protein bL21	101	94.27	94.76
TIGR00064	TIGR00064	TIGR00064	TIGR_TIGR00064	ftsY	signal recognition particle-docking protein FtsY	279	88.66	88.93
TIGR00065	TIGR00065	TIGR00065	TIGR_TIGR00065	ftsZ	cell division protein FtsZ	353	87.72	93.10
TIGR00082	TIGR00082	TIGR00082	TIGR_TIGR00082	rbfA	ribosome-binding factor A	115	92.36	92.75
TIGR00083	TIGR00083	TIGR00083	TIGR_TIGR00083	ribF	riboflavin biosynthesis protein RibF	290	87.09	89.94
TIGR00084	TIGR00084	TIGR00084	TIGR_TIGR00084	ruvA	Holliday junction DNA helicase RuvA	192	91.99	92.35
TIGR00086	TIGR00086	TIGR00086	TIGR_TIGR00086	smpB	SsrA-binding protein	144	92.87	93.99
TIGR00088	TIGR00088	TIGR00088	TIGR_TIGR00088	trmD	tRNA (guanine(37)-N(1))-methyltransferase	233	94.70	96.13
TIGR00090	TIGR00090	TIGR00090	TIGR_TIGR00090	rsfS_iojap_ybeB	ribosome silencing factor	99	88.21	88.57
TIGR00092	TIGR00092	TIGR00092	TIGR_TIGR00092	ychF	GTP-binding protein YchF	368	92.17	93.51
TIGR00095	TIGR00095	TIGR00095	TIGR_TIGR00095	rsmD	16S rRNA (guanine(966)-N(2))-methyltransferase RsmD	194	89.68	90.13
TIGR00111	TIGR00111	TIGR00111	TIGR_TIGR00111	pelota	mRNA surveillance protein pelota	351	81.34	81.94
TIGR00115	TIGR00115	TIGR00115	TIGR_TIGR00115	tig	trigger factor	410	88.60	92.19
TIGR00116	TIGR00116	TIGR00116	TIGR_TIGR00116	tsf	translation elongation factor Ts	293	94.37	95.08
TIGR00134	TIGR00134	TIGR00134	TIGR_TIGR00134	gatE_arch	glutamyl-tRNA(Gln) amidotransferase, subunit E	622	90.13	91.39
TIGR00138	TIGR00138	TIGR00138	TIGR_TIGR00138	rsmG_gidB	16S rRNA (guanine(527)-N(7))-methyltransferase RsmG	183	85.04	85.90
TIGR00158	TIGR00158	TIGR00158	TIGR_TIGR00158	L9	ribosomal protein bL9	148	93.81	94.49
TIGR00166	TIGR00166	TIGR00166	TIGR_TIGR00166	S6	ribosomal protein bS6	95	94.36	94.91
TIGR00168	TIGR00168	TIGR00168	TIGR_TIGR00168	infC	translation initiation factor IF-3	165	92.21	94.63
TIGR00186	TIGR00186	TIGR00186	TIGR_TIGR00186	rRNA_methyl_3	RNA methyltransferase, TrmH family, group 3	240	82.26	84.59
TIGR00194	TIGR00194	TIGR00194	TIGR_TIGR00194	uvrC	excinuclease ABC subunit C	574	92.67	93.20
TIGR00240	TIGR00240	TIGR00240	TIGR_TIGR00240	ATCase_reg	aspartate carbamoyltransferase, regulatory subunit	150	81.22	82.00
TIGR00250	TIGR00250	TIGR00250	TIGR_TIGR00250	RNAse_H_YqgF	putative transcription antitermination factor YqgF	130	90.60	90.95
TIGR00264	TIGR00264	TIGR00264	TIGR_TIGR00264	alpha-NAC_hom	alpha-NAC homolog	116	77.15	77.75
TIGR00270	TIGR00270	TIGR00270	TIGR_TIGR00270	MBF1	TIGR00270 family protein	154	81.10	81.82
TIGR00279	TIGR00279	TIGR00279	TIGR_TIGR00279	uL16_euk_arch	ribosomal protein uL16	172	89.71	90.43
TIGR00283	TIGR00283	TIGR00283	TIGR_TIGR00283	arch_pth2	peptidyl-tRNA hydrolase	115	82.78	88.76
TIGR00291	TIGR00291	TIGR00291	TIGR_TIGR00291	RNA_SBDS	rRNA metabolism protein, SBDS family	231	92.40	92.70
TIGR00293	TIGR00293	TIGR00293	TIGR_TIGR00293	prefoldin_alpha	prefoldin, alpha subunit	129	83.97	85.77
TIGR00307	TIGR00307	TIGR00307	TIGR_TIGR00307	eS8	ribosomal protein eS8	127	89.06	89.65
TIGR00308	TIGR00308	TIGR00308	TIGR_TIGR00308	TRM1	N2,N2-dimethylguanosine tRNA methyltransferase	375	79.84	80.38
TIGR00323	TIGR00323	TIGR00323	TIGR_TIGR00323	eIF-6	putative translation initiation factor eIF-6	215	83.61	84.15
TIGR00324	TIGR00324	TIGR00324	TIGR_TIGR00324	endA	tRNA-intron lyase	177	69.50	80.74
TIGR00335	TIGR00335	TIGR00335	TIGR_TIGR00335	primase_sml	putative DNA primase, eukaryotic-type, small subunit	324	80.38	81.70
TIGR00336	TIGR00336	TIGR00336	TIGR_TIGR00336	pyrE	orotate phosphoribosyltransferase	173	77.63	80.62
TIGR00337	TIGR00337	TIGR00337	TIGR_TIGR00337	PyrG	CTP synthase	526	90.36	91.54
TIGR00344	TIGR00344	TIGR00344	TIGR_TIGR00344	alaS	alanine--tRNA ligase	847	92.96	94.14
TIGR00362	TIGR00362	TIGR00362	TIGR_TIGR00362	DnaA	chromosomal replication initiator protein DnaA	437	90.75	94.04
TIGR00373	TIGR00373	TIGR00373	TIGR_TIGR00373	TFE_alpha	transcription factor E	162	67.70	69.62
TIGR00382	TIGR00382	TIGR00382	TIGR_TIGR00382	clpX	ATP-dependent Clp protease, ATP-binding subunit ClpX	414	81.56	88.88
TIGR00389	TIGR00389	TIGR00389	TIGR_TIGR00389	glyS_dimeric	glycine--tRNA ligase	565	89.83	91.93
TIGR00392	TIGR00392	TIGR00392	TIGR_TIGR00392	ileS	isoleucine--tRNA ligase	861	90.51	92.30
TIGR00396	TIGR00396	TIGR00396	TIGR_TIGR00396	leuS_bact	leucine--tRNA ligase	843	92.81	95.14
TIGR00398	TIGR00398	TIGR00398	TIGR_TIGR00398	metG	methionine--tRNA ligase	530	90.83	94.73
TIGR00405	TIGR00405	TIGR00405	TIGR_TIGR00405	KOW_elon_Spt5	transcription elongation factor Spt5	145	91.51	92.11
TIGR00408	TIGR00408	TIGR00408	TIGR_TIGR00408	proS_fam_I	proline--tRNA ligase	475	89.29	90.19
TIGR00414	TIGR00414	TIGR00414	TIGR_TIGR00414	serS	serine--tRNA ligase	418	91.58	94.08
TIGR00416	TIGR00416	TIGR00416	TIGR_TIGR00416	sms	DNA repair protein RadA	454	83.12	83.52
TIGR00420	TIGR00420	TIGR00420	TIGR_TIGR00420	trmU	tRNA (5-methylaminomethyl-2-thiouridylate)-methyltransferase	351	90.71	93.26
TIGR00422	TIGR00422	TIGR00422	TIGR_TIGR00422	valS	valine--tRNA ligase	863	72.13	72.79
TIGR00425	TIGR00425	TIGR00425	TIGR_TIGR00425	CBF5	putative rRNA pseudouridine synthase	322	86.24	87.02
TIGR00431	TIGR00431	TIGR00431	TIGR_TIGR00431	TruB	tRNA pseudouridine(55) synthase	210	92.39	93.44
TIGR00432	TIGR00432	TIGR00432	TIGR_TIGR00432	arcsn_tRNA_tgt	tRNA-guanine(15) transglycosylase	637	79.61	80.74
TIGR00435	TIGR00435	TIGR00435	TIGR_TIGR00435	cysS	cysteine--tRNA ligase	466	90.60	94.43
TIGR00436	TIGR00436	TIGR00436	TIGR_TIGR00436	era	GTP-binding protein Era	270	86.15	86.79
TIGR00442	TIGR00442	TIGR00442	TIGR_TIGR00442	hisS	histidine--tRNA ligase	406	91.97	94.12
TIGR00445	TIGR00445	TIGR00445	TIGR_TIGR00445	mraY	phospho-N-acetylmuramoyl-pentapeptide-transferase	321	89.32	91.21
TIGR00448	TIGR00448	TIGR00448	TIGR_TIGR00448	rpoE	DNA-directed RNA polymerase	179	90.85	91.03
TIGR00456	TIGR00456	TIGR00456	TIGR_TIGR00456	argS	arginine--tRNA ligase	569	90.31	95.05
TIGR00458	TIGR00458	TIGR00458	TIGR_TIGR00458	aspS_nondisc	aspartate--tRNA(Asn) ligase	428	78.17	84.09
TIGR00459	TIGR00459	TIGR00459	TIGR_TIGR00459	aspS_bact	aspartate--tRNA ligase	586	88.44	91.53
TIGR00460	TIGR00460	TIGR00460	TIGR_TIGR00460	fmt	methionyl-tRNA formyltransferase	315	91.84	92.81
TIGR00463	TIGR00463	TIGR00463	TIGR_TIGR00463	gltX_arch	glutamate--tRNA ligase	560	89.06	89.17
TIGR00468	TIGR00468	TIGR00468	TIGR_TIGR00468	pheS	phenylalanine--tRNA ligase, alpha subunit	324	93.72	94.21
TIGR00471	TIGR00471	TIGR00471	TIGR_TIGR00471	pheT_arch	phenylalanine--tRNA ligase, beta subunit	551	89.41	90.19
TIGR00472	TIGR00472	TIGR00472	TIGR_TIGR00472	pheT_bact	phenylalanine--tRNA ligase, beta subunit	798	92.93	93.72
TIGR00487	TIGR00487	TIGR00487	TIGR_TIGR00487	IF-2	translation initiation factor IF-2	587	94.79	95.33
TIGR00490	TIGR00490	TIGR00490	TIGR_TIGR00490	aEF-2	translation elongation factor aEF-2	720	85.35	89.00
TIGR00491	TIGR00491	TIGR00491	TIGR_TIGR00491	aIF-2	translation initiation factor aIF-2	594	89.77	89.83
TIGR00496	TIGR00496	TIGR00496	TIGR_TIGR00496	frr	ribosome recycling factor	176	95.69	96.06
TIGR00501	TIGR00501	TIGR00501	TIGR_TIGR00501	met_pdase_II	methionine aminopeptidase, type II	295	83.91	88.46
TIGR00521	TIGR00521	TIGR00521	TIGR_TIGR00521	coaBC_dfp	phosphopantothenoylcysteine decarboxylase / phosphopantothenate--cysteine ligase	392	70.99	71.47
TIGR00522	TIGR00522	TIGR00522	TIGR_TIGR00522	dph5	diphthine synthase	258	84.39	84.99
TIGR00539	TIGR00539	TIGR00539	TIGR_TIGR00539	hemN_rel	putative oxygen-independent coproporphyrinogen III oxidase	361	85.61	86.28
TIGR00549	TIGR00549	TIGR00549	TIGR_TIGR00549	mevalon_kin	mevalonate kinase	276	79.49	80.80
TIGR00580	TIGR00580	TIGR00580	TIGR_TIGR00580	mfd	transcription-repair coupling factor	923	88.06	89.96
TIGR00593	TIGR00593	TIGR00593	TIGR_TIGR00593	pola	DNA polymerase I	890	91.46	92.12
TIGR00615	TIGR00615	TIGR00615	TIGR_TIGR00615	recR	recombination protein RecR	196	93.26	93.66
TIGR00631	TIGR00631	TIGR00631	TIGR_TIGR00631	uvrb	excinuclease ABC subunit B	658	92.32	93.40
TIGR00634	TIGR00634	TIGR00634	TIGR_TIGR00634	recN	DNA repair protein RecN	563	85.06	85.63
TIGR00635	TIGR00635	TIGR00635	TIGR_TIGR00635	ruvB	Holliday junction DNA helicase RuvB	305	93.15	93.84
TIGR00643	TIGR00643	TIGR00643	TIGR_TIGR00643	recG	ATP-dependent DNA helicase RecG	629	89.12	89.53
TIGR00658	TIGR00658	TIGR00658	TIGR_TIGR00658	orni_carb_tr	ornithine carbamoyltransferase	304	73.39	79.37
TIGR00663	TIGR00663	TIGR00663	TIGR_TIGR00663	dnan	DNA polymerase III, beta subunit	367	89.06	93.99
TIGR00670	TIGR00670	TIGR00670	TIGR_TIGR00670	asp_carb_tr	aspartate carbamoyltransferase	304	84.03	84.75
TIGR00717	TIGR00717	TIGR00717	TIGR_TIGR00717	rpsA	ribosomal protein bS1	516	80.04	84.43
TIGR00729	TIGR00729	TIGR00729	TIGR_TIGR00729	RNase_HII	ribonuclease HII	207	90.79	91.21
TIGR00755	TIGR00755	TIGR00755	TIGR_TIGR00755	ksgA	ribosomal RNA small subunit methyltransferase A	256	92.87	93.21
TIGR00810	TIGR00810	TIGR00810	TIGR_TIGR00810	secG	preprotein translocase, SecG subunit	73	92.26	92.78
TIGR00922	TIGR00922	TIGR00922	TIGR_TIGR00922	nusG	transcription termination/antitermination factor NusG	172	89.29	89.65
TIGR00928	TIGR00928	TIGR00928	TIGR_TIGR00928	purB	adenylosuccinate lyase	436	83.02	85.30
TIGR00936	TIGR00936	TIGR00936	TIGR_TIGR00936	ahcY	adenosylhomocysteinase	416	75.00	82.60
TIGR00959	TIGR00959	TIGR00959	TIGR_TIGR00959	ffh	signal recognition particle protein	428	87.67	87.84
TIGR00963	TIGR00963	TIGR00963	TIGR_TIGR00963	secA	preprotein translocase, SecA subunit	787	89.37	90.13
TIGR00964	TIGR00964	TIGR00964	TIGR_TIGR00964	secE_bact	preprotein translocase, SecE subunit	57	87.54	87.96
TIGR00967	TIGR00967	TIGR00967	TIGR_TIGR00967	secY	preprotein translocase, SecY subunit	414	92.17	93.04
TIGR00982	TIGR00982	TIGR00982	TIGR_TIGR00982	uS12_E_A	ribosomal protein uS12	139	89.95	90.67
TIGR01008	TIGR01008	TIGR01008	TIGR_TIGR01008	uS3_euk_arch	ribosomal protein uS3	195	88.94	89.23
TIGR01009	TIGR01009	TIGR01009	TIGR_TIGR01009	rpsC_bact	ribosomal protein uS3	212	91.49	92.08
TIGR01011	TIGR01011	TIGR01011	TIGR_TIGR01011	rpsB_bact	ribosomal protein uS2	225	94.13	95.23
TIGR01012	TIGR01012	TIGR01012	TIGR_TIGR01012	uS2_euk_arch	ribosomal protein uS2	196	92.40	93.00
TIGR01017	TIGR01017	TIGR01017	TIGR_TIGR01017	rpsD_bact	ribosomal protein uS4	200	91.14	94.21
TIGR01018	TIGR01018	TIGR01018	TIGR_TIGR01018	uS4_arch	ribosomal protein uS4	162	93.00	93.48
TIGR01020	TIGR01020	TIGR01020	TIGR_TIGR01020	uS5_euk_arch	ribosomal protein uS5	212	89.23	90.13
TIGR01021	TIGR01021	TIGR01021	TIGR_TIGR01021	rpsE_bact	ribosomal protein uS5	156	92.54	92.87
TIGR01025	TIGR01025	TIGR01025	TIGR_TIGR01025	uS19_arch	ribosomal protein uS19	135	90.25	90.85
TIGR01028	TIGR01028	TIGR01028	TIGR_TIGR01028	uS7_euk_arch	ribosomal protein uS7	186	89.71	90.25
TIGR01029	TIGR01029	TIGR01029	TIGR_TIGR01029	rpsG_bact	ribosomal protein uS7	154	90.13	90.52
TIGR01032	TIGR01032	TIGR01032	TIGR_TIGR01032	rplT_bact	ribosomal protein bL20	114	94.40	94.90
TIGR01038	TIGR01038	TIGR01038	TIGR_TIGR01038	uL22_arch_euk	ribosomal protein uL22	148	86.18	86.54
TIGR01039	TIGR01039	TIGR01039	TIGR_TIGR01039	atpD	ATP synthase F1, beta subunit	462	81.72	86.34
TIGR01044	TIGR01044	TIGR01044	TIGR_TIGR01044	rplV_bact	ribosomal protein uL22	103	91.01	91.31
TIGR01046	TIGR01046	TIGR01046	TIGR_TIGR01046	uS10_euk_arch	ribosomal protein uS10	99	86.18	86.96
TIGR01052	TIGR01052	TIGR01052	TIGR_TIGR01052	top6b	DNA topoisomerase VI, B subunit	488	84.39	89.06
TIGR01059	TIGR01059	TIGR01059	TIGR_TIGR01059	gyrB	DNA gyrase, B subunit	639	87.25	90.59
TIGR01060	TIGR01060	TIGR01060	TIGR_TIGR01060	eno	phosphopyruvate hydratase	425	81.46	86.42
TIGR01063	TIGR01063	TIGR01063	TIGR_TIGR01063	gyrA	DNA gyrase, A subunit	800	88.98	90.66
TIGR01066	TIGR01066	TIGR01066	TIGR_TIGR01066	rplM_bact	ribosomal protein uL13	141	94.36	94.78
TIGR01071	TIGR01071	TIGR01071	TIGR_TIGR01071	rplO_bact	ribosomal protein uL15	144	92.81	93.26
TIGR01077	TIGR01077	TIGR01077	TIGR_TIGR01077	L13_A_E	ribosomal protein uL13	141	90.37	90.97
TIGR01079	TIGR01079	TIGR01079	TIGR_TIGR01079	rplX_bact	ribosomal protein uL24	104	91.85	92.24
TIGR01080	TIGR01080	TIGR01080	TIGR_TIGR01080	rplX_A_E	ribosomal protein uL24	116	89.89	90.37
TIGR01082	TIGR01082	TIGR01082	TIGR_TIGR01082	murC	UDP-N-acetylmuramate--L-alanine ligase	449	88.74	90.25
TIGR01087	TIGR01087	TIGR01087	TIGR_TIGR01087	murD	UDP-N-acetylmuramoylalanine--D-glutamate ligase	441	90.84	92.01
TIGR01128	TIGR01128	TIGR01128	TIGR_TIGR01128	holA	DNA polymerase III, delta subunit	314	88.64	89.47
TIGR01146	TIGR01146	TIGR01146	TIGR_TIGR01146	ATPsyn_F1gamma	ATP synthase F1, gamma subunit	286	82.89	87.41
TIGR01164	TIGR01164	TIGR01164	TIGR_TIGR01164	rplP_bact	ribosomal protein uL16	126	91.58	92.08
TIGR01169	TIGR01169	TIGR01169	TIGR_TIGR01169	rplA_bact	ribosomal protein uL1	227	89.60	90.12
TIGR01171	TIGR01171	TIGR01171	TIGR_TIGR01171	rplB_bact	ribosomal protein uL2	275	91.27	91.76
TIGR01213	TIGR01213	TIGR01213	TIGR_TIGR01213	pseudo_Pus10arc	tRNA pseudouridine(54/55) synthase	387	79.96	81.28
TIGR01302	TIGR01302	TIGR01302	TIGR_TIGR01302	IMP_dehydrog	inosine-5'-monophosphate dehydrogenase	450	81.42	83.54
TIGR01309	TIGR01309	TIGR01309	TIGR_TIGR01309	uL30_arch	ribosomal protein uL30	151	87.92	88.34
TIGR01391	TIGR01391	TIGR01391	TIGR_TIGR01391	dnaG	DNA primase	414	90.13	95.39
TIGR01393	TIGR01393	TIGR01393	TIGR_TIGR01393	lepA	elongation factor 4	595	92.24	94.48
TIGR01394	TIGR01394	TIGR01394	TIGR_TIGR01394	TypA_BipA	GTP-binding protein TypA/BipA	594	88.59	89.92
TIGR01510	TIGR01510	TIGR01510	TIGR_TIGR01510	coaD_prev_kdtB	pantetheine-phosphate adenylyltransferase	155	88.93	90.49
TIGR01632	TIGR01632	TIGR01632	TIGR_TIGR01632	L11_bact	ribosomal protein uL11	140	89.95	90.40
TIGR01951	TIGR01951	TIGR01951	TIGR_TIGR01951	nusB	transcription antitermination factor NusB	131	93.32	93.59
TIGR01952	TIGR01952	TIGR01952	TIGR_TIGR01952	nusA_arch	NusA family KH domain protein, archaeal	141	72.55	77.45
TIGR01953	TIGR01953	TIGR01953	TIGR_TIGR01953	NusA	transcription termination factor NusA	340	94.87	95.34
TIGR02012	TIGR02012	TIGR02012	TIGR_TIGR02012	tigrfam_recA	protein RecA	321	91.91	95.27
TIGR02013	TIGR02013	TIGR02013	TIGR_TIGR02013	rpoB	DNA-directed RNA polymerase, beta subunit	1238	88.43	90.11
TIGR02027	TIGR02027	TIGR02027	TIGR_TIGR02027	rpoA	DNA-directed RNA polymerase, alpha subunit	298	92.22	94.62
TIGR02075	TIGR02075	TIGR02075	TIGR_TIGR02075	pyrH_bact	UMP kinase	233	90.30	91.46
TIGR02076	TIGR02076	TIGR02076	TIGR_TIGR02076	pyrH_arch	putative uridylate kinase	222	86.66	87.08
TIGR02153	TIGR02153	TIGR02153	TIGR_TIGR02153	gatD_arch	glutamyl-tRNA(Gln) amidotransferase, subunit D	405	86.72	87.32
TIGR02191	TIGR02191	TIGR02191	TIGR_TIGR02191	RNaseIII	ribonuclease III	219	89.70	90.88
TIGR02236	TIGR02236	TIGR02236	TIGR_TIGR02236	recomb_radA	DNA repair and recombination protein RadA	311	82.78	88.10
TIGR02258	TIGR02258	TIGR02258	TIGR_TIGR02258	2_5_ligase	2'-5' RNA ligase	180	73.80	75.24
TIGR02273	TIGR02273	TIGR02273	TIGR_TIGR02273	16S_RimM	16S rRNA processing protein RimM	166	84.82	85.11
TIGR02338	TIGR02338	TIGR02338	TIGR_TIGR02338	gimC_beta	prefoldin, beta subunit	110	82.24	82.60
TIGR02350	TIGR02350	TIGR02350	TIGR_TIGR02350	prok_dnaK	chaperone protein DnaK	596	83.35	91.19
TIGR02386	TIGR02386	TIGR02386	TIGR_TIGR02386	RNA_pol_rpoC	DNA-directed RNA polymerase, beta' subunit	1147	85.34	85.71
TIGR02389	TIGR02389	TIGR02389	TIGR_TIGR02389	RNA_pol_rpoA2	DNA-directed RNA polymerase, subunit A''	367	76.14	76.56
TIGR02390	TIGR02390	TIGR02390	TIGR_TIGR02390	RNA_pol_rpoA1	DNA-directed RNA polymerase subunit A'	867	83.49	84.27
TIGR02397	TIGR02397	TIGR02397	TIGR_TIGR02397	dnaX_nterm	DNA polymerase III, subunit gamma and tau	355	91.79	94.22
TIGR02432	TIGR02432	TIGR02432	TIGR_TIGR02432	lysidine_TilS_N	tRNA(Ile)-lysidine synthetase	189	89.28	90.58
TIGR02651	TIGR02651	TIGR02651	TIGR_TIGR02651	RNase_Z	ribonuclease Z	302	80.80	84.93
TIGR02729	TIGR02729	TIGR02729	TIGR_TIGR02729	Obg_CgtA	Obg family GTPase CgtA	329	93.54	94.44
TIGR03263	TIGR03263	TIGR03263	TIGR_TIGR03263	guanyl_kin	guanylate kinase	180	90.21	90.77
TIGR03594	TIGR03594	TIGR03594	TIGR_TIGR03594	GTPase_EngA	ribosome-associated GTPase EngA	432	91.64	92.05
TIGR03625	TIGR03625	TIGR03625	TIGR_TIGR03625	L3_bact	50S ribosomal protein uL3	202	91.45	91.85
TIGR03626	TIGR03626	TIGR03626	TIGR_TIGR03626	L3_arch	ribosomal protein uL3	331	83.49	83.79
TIGR03627	TIGR03627	TIGR03627	TIGR_TIGR03627	uS9_arch	ribosomal protein uS9	130	74.04	74.46
TIGR03628	TIGR03628	TIGR03628	TIGR_TIGR03628	arch_S11P	ribosomal protein uS11	117	67.76	67.82
TIGR03629	TIGR03629	TIGR03629	TIGR_TIGR03629	uS13_arch	ribosomal protein uS13	144	62.08	62.20
TIGR03632	TIGR03632	TIGR03632	TIGR_TIGR03632	uS11_bact	ribosomal protein uS11	117	91.86	92.20
TIGR03636	TIGR03636	TIGR03636	TIGR_TIGR03636	uL23_arch	ribosomal protein uL23	77	64.00	64.23
TIGR03653	TIGR03653	TIGR03653	TIGR_TIGR03653	uL6_arch	ribosomal protein uL6	170	81.28	81.64
TIGR03654	TIGR03654	TIGR03654	TIGR_TIGR03654	L6_bact	ribosomal protein uL6	175	91.79	92.13
TIGR03665	TIGR03665	TIGR03665	TIGR_TIGR03665	arCOG04150	arCOG04150 universal archaeal KH domain protein	173	90.73	91.27
TIGR03670	TIGR03670	TIGR03670	TIGR_TIGR03670	rpoB_arch	DNA-directed RNA polymerase subunit B	599	82.36	83.01
TIGR03671	TIGR03671	TIGR03671	TIGR_TIGR03671	cca_archaeal	CCA-adding enzyme	410	79.37	80.14
TIGR03672	TIGR03672	TIGR03672	TIGR_TIGR03672	rpl4p_arch	50S ribosomal protein uL4	251	74.94	75.18
TIGR03673	TIGR03673	TIGR03673	TIGR_TIGR03673	uL14_arch	50S ribosomal protein uL14	131	56.16	56.28
TIGR03674	TIGR03674	TIGR03674	TIGR_TIGR03674	fen_arch	flap structure-specific endonuclease	338	74.40	78.11
TIGR03677	TIGR03677	TIGR03677	TIGR_TIGR03677	eL8_ribo	ribosomal protein eL8	117	73.09	73.33
TIGR03680	TIGR03680	TIGR03680	TIGR_TIGR03680	eif2g_arch	translation initiation factor 2, gamma subunit	407	83.07	83.19
TIGR03683	TIGR03683	TIGR03683	TIGR_TIGR03683	A-tRNA_syn_arch	alanine--tRNA ligase	902	78.65	78.95
TIGR03684	TIGR03684	TIGR03684	TIGR_TIGR03684	arCOG00985	arCOG04150 universal archaeal PUA-domain protein	154	69.44	69.68
TIGR03722	TIGR03722	TIGR03722	TIGR_TIGR03722	arch_KAE1	universal archaeal protein Kae1	323	69.26	69.44
TIGR03723	TIGR03723	TIGR03723	TIGR_TIGR03723	T6A_TsaD_YgjD	tRNA threonylcarbamoyl adenosine modification protein TsaD	314	92.50	93.43
TIGR03725	TIGR03725	TIGR03725	TIGR_TIGR03725	T6A_YeaZ	tRNA threonylcarbamoyl adenosine modification protein YeaZ	212	87.35	87.72
TIGR03953	TIGR03953	TIGR03953	TIGR_TIGR03953	rplD_bact	50S ribosomal protein uL4	188	91.39	91.78
